/*
 Navicat Premium Dump SQL

 Source Server         : mysql
 Source Server Type    : MySQL
 Source Server Version : 80039 (8.0.39)
 Source Host           : localhost:3306
 Source Schema         : demo

 Target Server Type    : MySQL
 Target Server Version : 80039 (8.0.39)
 File Encoding         : 65001

 Date: 14/09/2024 20:23:39
*/

SET NAMES utf8mb4;
SET FOREIGN_KEY_CHECKS = 0;

-- ----------------------------
-- Table structure for hj
-- ----------------------------
DROP TABLE IF EXISTS `hj`;
CREATE TABLE `hj`  (
  `hj_id` int NOT NULL AUTO_INCREMENT COMMENT '货架ID',
  `hj_row_num` double NOT NULL COMMENT '货架行数',
  `hj_max_size` double NOT NULL COMMENT '货架最大容量',
  `hj_current_size` double NULL DEFAULT NULL COMMENT '货架当前容量',
  `yg_id` int NOT NULL COMMENT '员工ID',
  PRIMARY KEY (`hj_id`) USING BTREE,
  INDEX `yg_id`(`yg_id` ASC) USING BTREE,
  INDEX `idx_hj_row_num`(`hj_row_num` ASC) USING BTREE,
  INDEX `idx_hj_max_size`(`hj_max_size` ASC) USING BTREE,
  CONSTRAINT `hj_ibfk_1` FOREIGN KEY (`yg_id`) REFERENCES `yg` (`yg_id`) ON DELETE RESTRICT ON UPDATE RESTRICT
) ENGINE = InnoDB AUTO_INCREMENT = 51 CHARACTER SET = utf8mb4 COLLATE = utf8mb4_0900_ai_ci ROW_FORMAT = Dynamic;

-- ----------------------------
-- Records of hj
-- ----------------------------
INSERT INTO `hj` VALUES (1, 5, 186, 186, 85);
INSERT INTO `hj` VALUES (2, 6, 141, 141, 16);
INSERT INTO `hj` VALUES (3, 7, 85, 85, 146);
INSERT INTO `hj` VALUES (4, 6, 171, 171, 25);
INSERT INTO `hj` VALUES (5, 6, 112, 112, 105);
INSERT INTO `hj` VALUES (6, 8, 119, 119, 13);
INSERT INTO `hj` VALUES (7, 8, 138, 138, 117);
INSERT INTO `hj` VALUES (8, 5, 56, 56, 142);
INSERT INTO `hj` VALUES (9, 7, 80, 80, 76);
INSERT INTO `hj` VALUES (10, 8, 183, 183, 28);
INSERT INTO `hj` VALUES (11, 7, 167, 167, 168);
INSERT INTO `hj` VALUES (12, 8, 196, 196, 129);
INSERT INTO `hj` VALUES (13, 6, 57, 57, 133);
INSERT INTO `hj` VALUES (14, 7, 197, 197, 191);
INSERT INTO `hj` VALUES (15, 5, 105, 105, 59);
INSERT INTO `hj` VALUES (16, 5, 58, 58, 189);
INSERT INTO `hj` VALUES (17, 5, 187, 187, 120);
INSERT INTO `hj` VALUES (18, 5, 122, 122, 19);
INSERT INTO `hj` VALUES (19, 6, 72, 72, 58);
INSERT INTO `hj` VALUES (20, 5, 68, 68, 143);
INSERT INTO `hj` VALUES (21, 8, 56, 56, 91);
INSERT INTO `hj` VALUES (22, 6, 183, 183, 168);
INSERT INTO `hj` VALUES (23, 5, 101, 101, 118);
INSERT INTO `hj` VALUES (24, 8, 119, 119, 192);
INSERT INTO `hj` VALUES (25, 8, 53, 53, 161);
INSERT INTO `hj` VALUES (26, 5, 80, 80, 157);
INSERT INTO `hj` VALUES (27, 8, 162, 162, 191);
INSERT INTO `hj` VALUES (28, 6, 69, 69, 199);
INSERT INTO `hj` VALUES (29, 5, 132, 132, 66);
INSERT INTO `hj` VALUES (30, 8, 119, 119, 19);
INSERT INTO `hj` VALUES (31, 6, 148, 148, 53);
INSERT INTO `hj` VALUES (32, 8, 100, 100, 95);
INSERT INTO `hj` VALUES (33, 8, 107, 107, 83);
INSERT INTO `hj` VALUES (34, 6, 192, 192, 189);
INSERT INTO `hj` VALUES (35, 6, 164, 164, 115);
INSERT INTO `hj` VALUES (36, 8, 144, 144, 105);
INSERT INTO `hj` VALUES (37, 5, 143, 143, 170);
INSERT INTO `hj` VALUES (38, 6, 179, 179, 200);
INSERT INTO `hj` VALUES (39, 6, 183, 183, 72);
INSERT INTO `hj` VALUES (40, 6, 114, 114, 175);
INSERT INTO `hj` VALUES (41, 5, 71, 71, 195);
INSERT INTO `hj` VALUES (42, 6, 115, 115, 40);
INSERT INTO `hj` VALUES (43, 6, 129, 129, 178);
INSERT INTO `hj` VALUES (44, 5, 86, 86, 79);
INSERT INTO `hj` VALUES (45, 7, 171, 171, 86);
INSERT INTO `hj` VALUES (46, 6, 88, 88, 160);
INSERT INTO `hj` VALUES (47, 5, 157, 157, 77);
INSERT INTO `hj` VALUES (48, 5, 111, 111, 149);
INSERT INTO `hj` VALUES (49, 6, 171, 171, 60);
INSERT INTO `hj` VALUES (50, 6, 146, 146, 46);

-- ----------------------------
-- Table structure for in_items
-- ----------------------------
DROP TABLE IF EXISTS `in_items`;
CREATE TABLE `in_items`  (
  `item_id` int NOT NULL AUTO_INCREMENT COMMENT '明细ID',
  `order_id` int NOT NULL COMMENT '入库单ID',
  `product_id` int NOT NULL COMMENT '商品ID',
  `num` int NOT NULL COMMENT '数量',
  `address` varchar(100) CHARACTER SET utf8mb4 COLLATE utf8mb4_0900_ai_ci NULL DEFAULT NULL COMMENT '存放位置',
  `out_time` datetime NOT NULL COMMENT '过期时间',
  PRIMARY KEY (`item_id`) USING BTREE,
  INDEX `idx_in_items_product`(`product_id` ASC) USING BTREE,
  INDEX `idx_in_items_order_product`(`order_id` ASC, `product_id` ASC) USING BTREE,
  CONSTRAINT `in_items_ibfk_1` FOREIGN KEY (`order_id`) REFERENCES `in_store` (`order_id`) ON DELETE RESTRICT ON UPDATE RESTRICT
) ENGINE = InnoDB AUTO_INCREMENT = 501 CHARACTER SET = utf8mb4 COLLATE = utf8mb4_0900_ai_ci ROW_FORMAT = Dynamic;

-- ----------------------------
-- Records of in_items
-- ----------------------------
INSERT INTO `in_items` VALUES (1, 177458930, 53, 13, NULL, '2024-10-10 19:57:06');
INSERT INTO `in_items` VALUES (2, 121126348, 58, 16, NULL, '2024-09-29 19:57:06');
INSERT INTO `in_items` VALUES (3, 151107791, 25, 30, NULL, '2024-10-01 19:57:06');
INSERT INTO `in_items` VALUES (4, 194540550, 28, 9, NULL, '2024-10-06 19:57:06');
INSERT INTO `in_items` VALUES (5, 150189510, 55, 45, NULL, '2024-09-16 19:57:06');
INSERT INTO `in_items` VALUES (6, 170646970, 93, 21, NULL, '2024-09-27 19:57:06');
INSERT INTO `in_items` VALUES (7, 121083407, 32, 10, NULL, '2024-10-01 19:57:06');
INSERT INTO `in_items` VALUES (8, 137047644, 68, 1, NULL, '2024-09-24 19:57:06');
INSERT INTO `in_items` VALUES (9, 191466432, 53, 20, NULL, '2024-09-17 19:57:06');
INSERT INTO `in_items` VALUES (10, 174836138, 41, 9, NULL, '2024-10-07 19:57:06');
INSERT INTO `in_items` VALUES (11, 145626774, 88, 34, NULL, '2024-10-09 19:57:06');
INSERT INTO `in_items` VALUES (12, 112263151, 25, 9, NULL, '2024-09-24 19:57:06');
INSERT INTO `in_items` VALUES (13, 195490646, 13, 6, NULL, '2024-09-22 19:57:06');
INSERT INTO `in_items` VALUES (14, 191211329, 30, 36, NULL, '2024-10-07 19:57:06');
INSERT INTO `in_items` VALUES (15, 142750554, 77, 47, NULL, '2024-10-10 19:57:06');
INSERT INTO `in_items` VALUES (16, 121083407, 22, 9, NULL, '2024-10-04 19:57:06');
INSERT INTO `in_items` VALUES (17, 155397978, 37, 32, NULL, '2024-09-22 19:57:06');
INSERT INTO `in_items` VALUES (18, 190856393, 27, 37, NULL, '2024-10-06 19:57:06');
INSERT INTO `in_items` VALUES (19, 121126348, 57, 40, NULL, '2024-10-04 19:57:06');
INSERT INTO `in_items` VALUES (20, 161074898, 39, 25, NULL, '2024-09-26 19:57:06');
INSERT INTO `in_items` VALUES (21, 135624036, 51, 17, NULL, '2024-09-24 19:57:06');
INSERT INTO `in_items` VALUES (22, 159586034, 89, 7, NULL, '2024-10-05 19:57:06');
INSERT INTO `in_items` VALUES (23, 115367857, 44, 36, NULL, '2024-10-06 19:57:06');
INSERT INTO `in_items` VALUES (24, 125262482, 69, 46, NULL, '2024-10-14 19:57:06');
INSERT INTO `in_items` VALUES (25, 177458930, 1, 47, NULL, '2024-09-22 19:57:06');
INSERT INTO `in_items` VALUES (26, 172414925, 14, 29, NULL, '2024-10-09 19:57:06');
INSERT INTO `in_items` VALUES (27, 115293571, 77, 35, NULL, '2024-10-05 19:57:06');
INSERT INTO `in_items` VALUES (28, 170646970, 18, 27, NULL, '2024-10-05 19:57:06');
INSERT INTO `in_items` VALUES (29, 147570002, 11, 8, NULL, '2024-10-10 19:57:06');
INSERT INTO `in_items` VALUES (30, 191466432, 49, 30, NULL, '2024-10-07 19:57:06');
INSERT INTO `in_items` VALUES (31, 173896715, 59, 37, NULL, '2024-09-29 19:57:06');
INSERT INTO `in_items` VALUES (32, 174620661, 72, 14, NULL, '2024-09-15 19:57:06');
INSERT INTO `in_items` VALUES (33, 190856393, 86, 2, NULL, '2024-10-08 19:57:06');
INSERT INTO `in_items` VALUES (34, 197927790, 72, 12, NULL, '2024-09-20 19:57:06');
INSERT INTO `in_items` VALUES (35, 115947522, 7, 7, NULL, '2024-09-24 19:57:06');
INSERT INTO `in_items` VALUES (36, 115311292, 71, 32, NULL, '2024-10-02 19:57:06');
INSERT INTO `in_items` VALUES (37, 136249064, 5, 10, NULL, '2024-09-21 19:57:06');
INSERT INTO `in_items` VALUES (38, 177458930, 65, 9, NULL, '2024-09-19 19:57:06');
INSERT INTO `in_items` VALUES (39, 121758890, 100, 26, NULL, '2024-09-28 19:57:06');
INSERT INTO `in_items` VALUES (40, 153640092, 30, 6, NULL, '2024-09-16 19:57:06');
INSERT INTO `in_items` VALUES (41, 193208071, 96, 19, NULL, '2024-10-06 19:57:06');
INSERT INTO `in_items` VALUES (42, 129618027, 23, 1, NULL, '2024-09-16 19:57:06');
INSERT INTO `in_items` VALUES (43, 153640092, 22, 27, NULL, '2024-10-03 19:57:06');
INSERT INTO `in_items` VALUES (44, 119924267, 99, 13, NULL, '2024-10-06 19:57:06');
INSERT INTO `in_items` VALUES (45, 164434505, 15, 37, NULL, '2024-10-08 19:57:06');
INSERT INTO `in_items` VALUES (46, 112263151, 45, 33, NULL, '2024-09-26 19:57:06');
INSERT INTO `in_items` VALUES (47, 121083407, 49, 49, NULL, '2024-09-15 19:57:06');
INSERT INTO `in_items` VALUES (48, 198694155, 59, 11, NULL, '2024-09-30 19:57:06');
INSERT INTO `in_items` VALUES (49, 190856393, 33, 36, NULL, '2024-10-08 19:57:06');
INSERT INTO `in_items` VALUES (50, 110572676, 50, 1, NULL, '2024-09-29 19:57:06');
INSERT INTO `in_items` VALUES (51, 195490646, 51, 37, NULL, '2024-09-29 19:57:06');
INSERT INTO `in_items` VALUES (52, 137047644, 91, 16, NULL, '2024-10-13 19:57:06');
INSERT INTO `in_items` VALUES (53, 148599942, 92, 21, NULL, '2024-09-17 19:57:06');
INSERT INTO `in_items` VALUES (54, 189044594, 50, 30, NULL, '2024-09-21 19:57:06');
INSERT INTO `in_items` VALUES (55, 112820740, 93, 41, NULL, '2024-10-09 19:57:06');
INSERT INTO `in_items` VALUES (56, 171399167, 82, 10, NULL, '2024-09-25 19:57:06');
INSERT INTO `in_items` VALUES (57, 148599942, 15, 11, NULL, '2024-09-20 19:57:06');
INSERT INTO `in_items` VALUES (58, 145626774, 59, 37, NULL, '2024-10-11 19:57:06');
INSERT INTO `in_items` VALUES (59, 136681935, 15, 33, NULL, '2024-10-03 19:57:06');
INSERT INTO `in_items` VALUES (60, 193208071, 34, 36, NULL, '2024-09-20 19:57:06');
INSERT INTO `in_items` VALUES (61, 114958143, 80, 38, NULL, '2024-10-08 19:57:06');
INSERT INTO `in_items` VALUES (62, 199311572, 64, 40, NULL, '2024-09-20 19:57:06');
INSERT INTO `in_items` VALUES (63, 172414925, 37, 30, NULL, '2024-09-24 19:57:06');
INSERT INTO `in_items` VALUES (64, 174836138, 43, 14, NULL, '2024-09-15 19:57:06');
INSERT INTO `in_items` VALUES (65, 121758890, 95, 19, NULL, '2024-10-02 19:57:06');
INSERT INTO `in_items` VALUES (66, 177711561, 46, 35, NULL, '2024-09-24 19:57:06');
INSERT INTO `in_items` VALUES (67, 183997657, 22, 24, NULL, '2024-10-01 19:57:06');
INSERT INTO `in_items` VALUES (68, 115947522, 62, 20, NULL, '2024-09-19 19:57:06');
INSERT INTO `in_items` VALUES (69, 165762159, 55, 15, NULL, '2024-10-12 19:57:06');
INSERT INTO `in_items` VALUES (70, 132051670, 88, 11, NULL, '2024-10-13 19:57:06');
INSERT INTO `in_items` VALUES (71, 198694155, 61, 4, NULL, '2024-09-25 19:57:06');
INSERT INTO `in_items` VALUES (72, 174620661, 41, 19, NULL, '2024-09-17 19:57:06');
INSERT INTO `in_items` VALUES (73, 154781568, 3, 40, NULL, '2024-10-08 19:57:06');
INSERT INTO `in_items` VALUES (74, 179490386, 23, 28, NULL, '2024-09-24 19:57:06');
INSERT INTO `in_items` VALUES (75, 153640092, 51, 16, NULL, '2024-09-29 19:57:06');
INSERT INTO `in_items` VALUES (76, 171399167, 41, 19, NULL, '2024-09-22 19:57:06');
INSERT INTO `in_items` VALUES (77, 137047644, 71, 5, NULL, '2024-10-06 19:57:06');
INSERT INTO `in_items` VALUES (78, 136681935, 77, 29, NULL, '2024-10-13 19:57:06');
INSERT INTO `in_items` VALUES (79, 125150577, 73, 27, NULL, '2024-10-14 19:57:06');
INSERT INTO `in_items` VALUES (80, 131389840, 91, 13, NULL, '2024-09-21 19:57:06');
INSERT INTO `in_items` VALUES (81, 163908001, 66, 35, NULL, '2024-09-16 19:57:06');
INSERT INTO `in_items` VALUES (82, 189599809, 64, 49, NULL, '2024-09-27 19:57:06');
INSERT INTO `in_items` VALUES (83, 194495179, 82, 5, NULL, '2024-09-19 19:57:06');
INSERT INTO `in_items` VALUES (84, 110223855, 52, 38, NULL, '2024-10-12 19:57:06');
INSERT INTO `in_items` VALUES (85, 130425525, 44, 25, NULL, '2024-09-21 19:57:06');
INSERT INTO `in_items` VALUES (86, 179490386, 96, 42, NULL, '2024-09-23 19:57:06');
INSERT INTO `in_items` VALUES (87, 170132683, 25, 10, NULL, '2024-09-26 19:57:06');
INSERT INTO `in_items` VALUES (88, 136681935, 5, 13, NULL, '2024-09-24 19:57:06');
INSERT INTO `in_items` VALUES (89, 197927790, 81, 4, NULL, '2024-10-01 19:57:06');
INSERT INTO `in_items` VALUES (90, 147570002, 74, 23, NULL, '2024-09-21 19:57:06');
INSERT INTO `in_items` VALUES (91, 177711561, 78, 7, NULL, '2024-10-12 19:57:06');
INSERT INTO `in_items` VALUES (92, 119924267, 72, 4, NULL, '2024-10-13 19:57:06');
INSERT INTO `in_items` VALUES (93, 111729080, 20, 28, NULL, '2024-09-28 19:57:06');
INSERT INTO `in_items` VALUES (94, 191466432, 74, 40, NULL, '2024-10-08 19:57:06');
INSERT INTO `in_items` VALUES (95, 116991830, 27, 34, NULL, '2024-10-07 19:57:06');
INSERT INTO `in_items` VALUES (96, 177594417, 64, 50, NULL, '2024-09-25 19:57:06');
INSERT INTO `in_items` VALUES (97, 121126348, 31, 48, NULL, '2024-10-08 19:57:06');
INSERT INTO `in_items` VALUES (98, 123588335, 57, 21, NULL, '2024-10-04 19:57:06');
INSERT INTO `in_items` VALUES (99, 135624036, 65, 42, NULL, '2024-09-29 19:57:06');
INSERT INTO `in_items` VALUES (100, 125150577, 77, 4, NULL, '2024-10-05 19:57:06');
INSERT INTO `in_items` VALUES (101, 115947522, 7, 5, NULL, '2024-10-12 19:57:06');
INSERT INTO `in_items` VALUES (102, 132051670, 48, 4, NULL, '2024-09-27 19:57:06');
INSERT INTO `in_items` VALUES (103, 147570002, 47, 43, NULL, '2024-09-17 19:57:06');
INSERT INTO `in_items` VALUES (104, 115947522, 33, 25, NULL, '2024-09-15 19:57:06');
INSERT INTO `in_items` VALUES (105, 129333210, 49, 39, NULL, '2024-09-21 19:57:06');
INSERT INTO `in_items` VALUES (106, 191810874, 89, 17, NULL, '2024-10-14 19:57:06');
INSERT INTO `in_items` VALUES (107, 147570002, 97, 47, NULL, '2024-10-02 19:57:06');
INSERT INTO `in_items` VALUES (108, 114958143, 89, 1, NULL, '2024-09-25 19:57:06');
INSERT INTO `in_items` VALUES (109, 129618027, 32, 44, NULL, '2024-09-15 19:57:06');
INSERT INTO `in_items` VALUES (110, 110629910, 44, 45, NULL, '2024-09-20 19:57:06');
INSERT INTO `in_items` VALUES (111, 129618027, 87, 8, NULL, '2024-10-03 19:57:06');
INSERT INTO `in_items` VALUES (112, 121083407, 25, 41, NULL, '2024-09-15 19:57:06');
INSERT INTO `in_items` VALUES (113, 190856393, 6, 20, NULL, '2024-10-03 19:57:06');
INSERT INTO `in_items` VALUES (114, 196286863, 69, 2, NULL, '2024-09-29 19:57:06');
INSERT INTO `in_items` VALUES (115, 194495179, 83, 46, NULL, '2024-10-03 19:57:06');
INSERT INTO `in_items` VALUES (116, 177711561, 15, 28, NULL, '2024-10-01 19:57:06');
INSERT INTO `in_items` VALUES (117, 110572676, 47, 5, NULL, '2024-09-17 19:57:06');
INSERT INTO `in_items` VALUES (118, 148599942, 9, 1, NULL, '2024-09-19 19:57:06');
INSERT INTO `in_items` VALUES (119, 173896715, 81, 34, NULL, '2024-09-16 19:57:06');
INSERT INTO `in_items` VALUES (120, 144416208, 60, 18, NULL, '2024-10-11 19:57:06');
INSERT INTO `in_items` VALUES (121, 192703525, 80, 33, NULL, '2024-09-30 19:57:06');
INSERT INTO `in_items` VALUES (122, 199439753, 23, 14, NULL, '2024-09-16 19:57:06');
INSERT INTO `in_items` VALUES (123, 137047644, 23, 11, NULL, '2024-09-23 19:57:06');
INSERT INTO `in_items` VALUES (124, 115947522, 40, 7, NULL, '2024-10-03 19:57:06');
INSERT INTO `in_items` VALUES (125, 165762159, 29, 45, NULL, '2024-10-08 19:57:06');
INSERT INTO `in_items` VALUES (126, 161074898, 2, 9, NULL, '2024-09-17 19:57:06');
INSERT INTO `in_items` VALUES (127, 123241089, 66, 16, NULL, '2024-10-14 19:57:06');
INSERT INTO `in_items` VALUES (128, 170541636, 42, 33, NULL, '2024-10-08 19:57:06');
INSERT INTO `in_items` VALUES (129, 114834756, 50, 9, NULL, '2024-09-16 19:57:06');
INSERT INTO `in_items` VALUES (130, 115311292, 8, 5, NULL, '2024-09-19 19:57:06');
INSERT INTO `in_items` VALUES (131, 173770671, 52, 35, NULL, '2024-09-23 19:57:06');
INSERT INTO `in_items` VALUES (132, 145626774, 75, 48, NULL, '2024-10-06 19:57:06');
INSERT INTO `in_items` VALUES (133, 192777908, 8, 13, NULL, '2024-09-22 19:57:06');
INSERT INTO `in_items` VALUES (134, 172414925, 78, 20, NULL, '2024-10-08 19:57:06');
INSERT INTO `in_items` VALUES (135, 136249064, 42, 39, NULL, '2024-10-04 19:57:06');
INSERT INTO `in_items` VALUES (136, 174620661, 47, 37, NULL, '2024-10-02 19:57:06');
INSERT INTO `in_items` VALUES (137, 179490386, 81, 8, NULL, '2024-10-04 19:57:06');
INSERT INTO `in_items` VALUES (138, 136681935, 56, 37, NULL, '2024-10-10 19:57:06');
INSERT INTO `in_items` VALUES (139, 114834756, 66, 3, NULL, '2024-09-29 19:57:06');
INSERT INTO `in_items` VALUES (140, 131389840, 83, 37, NULL, '2024-09-23 19:57:06');
INSERT INTO `in_items` VALUES (141, 112263151, 98, 25, NULL, '2024-10-10 19:57:06');
INSERT INTO `in_items` VALUES (142, 170541636, 29, 13, NULL, '2024-09-24 19:57:06');
INSERT INTO `in_items` VALUES (143, 163908001, 50, 7, NULL, '2024-10-06 19:57:06');
INSERT INTO `in_items` VALUES (144, 189044594, 43, 48, NULL, '2024-09-29 19:57:06');
INSERT INTO `in_items` VALUES (145, 166638094, 27, 35, NULL, '2024-09-28 19:57:06');
INSERT INTO `in_items` VALUES (146, 194495179, 86, 24, NULL, '2024-10-08 19:57:06');
INSERT INTO `in_items` VALUES (147, 133698193, 81, 24, NULL, '2024-10-10 19:57:06');
INSERT INTO `in_items` VALUES (148, 116991830, 52, 11, NULL, '2024-10-06 19:57:06');
INSERT INTO `in_items` VALUES (149, 132051670, 71, 44, NULL, '2024-10-08 19:57:06');
INSERT INTO `in_items` VALUES (150, 145626774, 21, 15, NULL, '2024-10-08 19:57:06');
INSERT INTO `in_items` VALUES (151, 183738221, 7, 22, NULL, '2024-10-07 19:57:06');
INSERT INTO `in_items` VALUES (152, 185077818, 81, 33, NULL, '2024-09-24 19:57:06');
INSERT INTO `in_items` VALUES (153, 195490646, 53, 35, NULL, '2024-10-13 19:57:06');
INSERT INTO `in_items` VALUES (154, 199439753, 67, 11, NULL, '2024-10-08 19:57:06');
INSERT INTO `in_items` VALUES (155, 111729080, 67, 29, NULL, '2024-10-07 19:57:06');
INSERT INTO `in_items` VALUES (156, 133698193, 24, 2, NULL, '2024-10-09 19:57:06');
INSERT INTO `in_items` VALUES (157, 133363619, 15, 39, NULL, '2024-09-19 19:57:06');
INSERT INTO `in_items` VALUES (158, 136249064, 11, 7, NULL, '2024-10-12 19:57:06');
INSERT INTO `in_items` VALUES (159, 189599809, 15, 37, NULL, '2024-09-25 19:57:06');
INSERT INTO `in_items` VALUES (160, 135624036, 58, 9, NULL, '2024-09-30 19:57:06');
INSERT INTO `in_items` VALUES (161, 115311292, 65, 49, NULL, '2024-10-14 19:57:06');
INSERT INTO `in_items` VALUES (162, 115311292, 29, 50, NULL, '2024-10-02 19:57:06');
INSERT INTO `in_items` VALUES (163, 192703525, 4, 10, NULL, '2024-10-02 19:57:06');
INSERT INTO `in_items` VALUES (164, 148160858, 17, 28, NULL, '2024-09-18 19:57:06');
INSERT INTO `in_items` VALUES (165, 155638251, 77, 5, NULL, '2024-10-05 19:57:06');
INSERT INTO `in_items` VALUES (166, 166638094, 46, 33, NULL, '2024-09-19 19:57:06');
INSERT INTO `in_items` VALUES (167, 145734570, 89, 12, NULL, '2024-10-03 19:57:06');
INSERT INTO `in_items` VALUES (168, 123588335, 56, 49, NULL, '2024-10-08 19:57:06');
INSERT INTO `in_items` VALUES (169, 117772232, 47, 17, NULL, '2024-09-24 19:57:06');
INSERT INTO `in_items` VALUES (170, 131389840, 46, 11, NULL, '2024-09-15 19:57:06');
INSERT INTO `in_items` VALUES (171, 159586034, 81, 31, NULL, '2024-09-23 19:57:06');
INSERT INTO `in_items` VALUES (172, 112263151, 45, 2, NULL, '2024-10-10 19:57:06');
INSERT INTO `in_items` VALUES (173, 165762159, 19, 1, NULL, '2024-09-20 19:57:06');
INSERT INTO `in_items` VALUES (174, 195490646, 36, 14, NULL, '2024-10-02 19:57:06');
INSERT INTO `in_items` VALUES (175, 172414925, 28, 47, NULL, '2024-09-22 19:57:06');
INSERT INTO `in_items` VALUES (176, 151107791, 90, 35, NULL, '2024-09-23 19:57:06');
INSERT INTO `in_items` VALUES (177, 129618027, 84, 1, NULL, '2024-10-13 19:57:06');
INSERT INTO `in_items` VALUES (178, 114834756, 67, 12, NULL, '2024-10-13 19:57:06');
INSERT INTO `in_items` VALUES (179, 135624036, 91, 9, NULL, '2024-09-25 19:57:06');
INSERT INTO `in_items` VALUES (180, 147570002, 90, 8, NULL, '2024-09-20 19:57:06');
INSERT INTO `in_items` VALUES (181, 161074898, 77, 21, NULL, '2024-09-15 19:57:06');
INSERT INTO `in_items` VALUES (182, 135624036, 58, 40, NULL, '2024-09-27 19:57:06');
INSERT INTO `in_items` VALUES (183, 189599809, 94, 14, NULL, '2024-10-07 19:57:06');
INSERT INTO `in_items` VALUES (184, 154781568, 2, 1, NULL, '2024-10-05 19:57:06');
INSERT INTO `in_items` VALUES (185, 145626774, 51, 15, NULL, '2024-09-26 19:57:06');
INSERT INTO `in_items` VALUES (186, 151107791, 52, 8, NULL, '2024-10-09 19:57:06');
INSERT INTO `in_items` VALUES (187, 116991830, 44, 25, NULL, '2024-09-27 19:57:06');
INSERT INTO `in_items` VALUES (188, 121580648, 43, 17, NULL, '2024-09-25 19:57:06');
INSERT INTO `in_items` VALUES (189, 199439753, 70, 41, NULL, '2024-09-28 19:57:06');
INSERT INTO `in_items` VALUES (190, 173896715, 16, 11, NULL, '2024-09-24 19:57:06');
INSERT INTO `in_items` VALUES (191, 174836138, 15, 18, NULL, '2024-10-09 19:57:06');
INSERT INTO `in_items` VALUES (192, 155638251, 52, 36, NULL, '2024-09-27 19:57:06');
INSERT INTO `in_items` VALUES (193, 196286863, 23, 50, NULL, '2024-09-15 19:57:06');
INSERT INTO `in_items` VALUES (194, 177594417, 42, 28, NULL, '2024-10-13 19:57:06');
INSERT INTO `in_items` VALUES (195, 194540550, 36, 50, NULL, '2024-10-11 19:57:06');
INSERT INTO `in_items` VALUES (196, 174620661, 84, 4, NULL, '2024-10-02 19:57:06');
INSERT INTO `in_items` VALUES (197, 174620661, 35, 43, NULL, '2024-09-15 19:57:06');
INSERT INTO `in_items` VALUES (198, 191211329, 69, 28, NULL, '2024-10-10 19:57:06');
INSERT INTO `in_items` VALUES (199, 150189510, 7, 33, NULL, '2024-10-03 19:57:06');
INSERT INTO `in_items` VALUES (200, 159586034, 89, 14, NULL, '2024-09-15 19:57:06');
INSERT INTO `in_items` VALUES (201, 149886188, 37, 24, NULL, '2024-10-08 19:57:06');
INSERT INTO `in_items` VALUES (202, 154016492, 75, 13, NULL, '2024-10-06 19:57:06');
INSERT INTO `in_items` VALUES (203, 115367857, 51, 38, NULL, '2024-09-19 19:57:06');
INSERT INTO `in_items` VALUES (204, 142357231, 49, 30, NULL, '2024-09-22 19:57:06');
INSERT INTO `in_items` VALUES (205, 170132683, 3, 49, NULL, '2024-09-28 19:57:06');
INSERT INTO `in_items` VALUES (206, 119924267, 66, 14, NULL, '2024-09-20 19:57:06');
INSERT INTO `in_items` VALUES (207, 159586034, 72, 46, NULL, '2024-09-21 19:57:06');
INSERT INTO `in_items` VALUES (208, 192703525, 70, 30, NULL, '2024-09-23 19:57:06');
INSERT INTO `in_items` VALUES (209, 192777908, 10, 46, NULL, '2024-09-26 19:57:06');
INSERT INTO `in_items` VALUES (210, 161074898, 20, 19, NULL, '2024-09-25 19:57:06');
INSERT INTO `in_items` VALUES (211, 117772232, 60, 43, NULL, '2024-09-18 19:57:06');
INSERT INTO `in_items` VALUES (212, 115367857, 22, 39, NULL, '2024-09-24 19:57:06');
INSERT INTO `in_items` VALUES (213, 123588335, 29, 49, NULL, '2024-10-04 19:57:06');
INSERT INTO `in_items` VALUES (214, 110572676, 78, 29, NULL, '2024-09-27 19:57:06');
INSERT INTO `in_items` VALUES (215, 129618027, 19, 32, NULL, '2024-09-21 19:57:06');
INSERT INTO `in_items` VALUES (216, 194540550, 78, 41, NULL, '2024-10-01 19:57:06');
INSERT INTO `in_items` VALUES (217, 121580648, 6, 30, NULL, '2024-10-07 19:57:06');
INSERT INTO `in_items` VALUES (218, 197927790, 25, 33, NULL, '2024-10-10 19:57:06');
INSERT INTO `in_items` VALUES (219, 157659300, 52, 31, NULL, '2024-09-19 19:57:06');
INSERT INTO `in_items` VALUES (220, 177711561, 17, 19, NULL, '2024-10-05 19:57:06');
INSERT INTO `in_items` VALUES (221, 197927790, 81, 10, NULL, '2024-09-22 19:57:06');
INSERT INTO `in_items` VALUES (222, 187291806, 16, 31, NULL, '2024-10-14 19:57:06');
INSERT INTO `in_items` VALUES (223, 136681935, 96, 46, NULL, '2024-10-08 19:57:06');
INSERT INTO `in_items` VALUES (224, 110572676, 79, 10, NULL, '2024-09-18 19:57:06');
INSERT INTO `in_items` VALUES (225, 199311572, 12, 11, NULL, '2024-09-16 19:57:06');
INSERT INTO `in_items` VALUES (226, 112986855, 26, 13, NULL, '2024-09-17 19:57:06');
INSERT INTO `in_items` VALUES (227, 169314791, 56, 27, NULL, '2024-10-07 19:57:06');
INSERT INTO `in_items` VALUES (228, 195490646, 91, 27, NULL, '2024-09-30 19:57:06');
INSERT INTO `in_items` VALUES (229, 130425525, 81, 5, NULL, '2024-09-16 19:57:06');
INSERT INTO `in_items` VALUES (230, 115311292, 98, 15, NULL, '2024-10-08 19:57:06');
INSERT INTO `in_items` VALUES (231, 112263151, 32, 12, NULL, '2024-09-29 19:57:06');
INSERT INTO `in_items` VALUES (232, 173770671, 7, 22, NULL, '2024-09-25 19:57:06');
INSERT INTO `in_items` VALUES (233, 115367857, 57, 36, NULL, '2024-10-06 19:57:06');
INSERT INTO `in_items` VALUES (234, 161074898, 46, 20, NULL, '2024-09-23 19:57:06');
INSERT INTO `in_items` VALUES (235, 159586034, 44, 46, NULL, '2024-10-08 19:57:06');
INSERT INTO `in_items` VALUES (236, 133363619, 87, 47, NULL, '2024-10-05 19:57:06');
INSERT INTO `in_items` VALUES (237, 194540550, 52, 9, NULL, '2024-10-09 19:57:06');
INSERT INTO `in_items` VALUES (238, 137047644, 38, 19, NULL, '2024-09-16 19:57:06');
INSERT INTO `in_items` VALUES (239, 173770671, 72, 31, NULL, '2024-09-25 19:57:06');
INSERT INTO `in_items` VALUES (240, 157659300, 50, 30, NULL, '2024-09-18 19:57:06');
INSERT INTO `in_items` VALUES (241, 191810874, 31, 39, NULL, '2024-09-19 19:57:06');
INSERT INTO `in_items` VALUES (242, 192703525, 46, 35, NULL, '2024-10-04 19:57:06');
INSERT INTO `in_items` VALUES (243, 129333210, 48, 37, NULL, '2024-10-07 19:57:06');
INSERT INTO `in_items` VALUES (244, 183738221, 78, 35, NULL, '2024-09-22 19:57:06');
INSERT INTO `in_items` VALUES (245, 170541636, 15, 49, NULL, '2024-09-29 19:57:06');
INSERT INTO `in_items` VALUES (246, 131389840, 51, 8, NULL, '2024-09-25 19:57:06');
INSERT INTO `in_items` VALUES (247, 178085706, 83, 11, NULL, '2024-09-21 19:57:06');
INSERT INTO `in_items` VALUES (248, 135469226, 7, 46, NULL, '2024-09-25 19:57:06');
INSERT INTO `in_items` VALUES (249, 117772232, 92, 19, NULL, '2024-09-22 19:57:06');
INSERT INTO `in_items` VALUES (250, 171399167, 89, 34, NULL, '2024-09-17 19:57:06');
INSERT INTO `in_items` VALUES (251, 111729080, 26, 35, NULL, '2024-10-09 19:57:06');
INSERT INTO `in_items` VALUES (252, 133698193, 6, 36, NULL, '2024-10-13 19:57:06');
INSERT INTO `in_items` VALUES (253, 172414925, 32, 1, NULL, '2024-09-28 19:57:06');
INSERT INTO `in_items` VALUES (254, 112820740, 5, 40, NULL, '2024-10-04 19:57:06');
INSERT INTO `in_items` VALUES (255, 131389840, 1, 42, NULL, '2024-09-16 19:57:06');
INSERT INTO `in_items` VALUES (256, 170132683, 35, 31, NULL, '2024-10-02 19:57:06');
INSERT INTO `in_items` VALUES (257, 193208071, 99, 50, NULL, '2024-09-17 19:57:06');
INSERT INTO `in_items` VALUES (258, 119924267, 7, 10, NULL, '2024-09-15 19:57:06');
INSERT INTO `in_items` VALUES (259, 188698457, 91, 49, NULL, '2024-09-23 19:57:06');
INSERT INTO `in_items` VALUES (260, 114834756, 47, 7, NULL, '2024-09-24 19:57:06');
INSERT INTO `in_items` VALUES (261, 192777908, 49, 3, NULL, '2024-10-03 19:57:06');
INSERT INTO `in_items` VALUES (262, 119924267, 46, 19, NULL, '2024-10-01 19:57:06');
INSERT INTO `in_items` VALUES (263, 116991830, 27, 3, NULL, '2024-10-13 19:57:06');
INSERT INTO `in_items` VALUES (264, 170132683, 46, 42, NULL, '2024-09-18 19:57:06');
INSERT INTO `in_items` VALUES (265, 191466432, 79, 38, NULL, '2024-10-14 19:57:06');
INSERT INTO `in_items` VALUES (266, 130425525, 100, 5, NULL, '2024-10-01 19:57:06');
INSERT INTO `in_items` VALUES (267, 154781568, 42, 32, NULL, '2024-10-07 19:57:06');
INSERT INTO `in_items` VALUES (268, 123588335, 38, 17, NULL, '2024-10-07 19:57:06');
INSERT INTO `in_items` VALUES (269, 164434505, 55, 45, NULL, '2024-10-11 19:57:06');
INSERT INTO `in_items` VALUES (270, 114958143, 77, 27, NULL, '2024-10-04 19:57:06');
INSERT INTO `in_items` VALUES (271, 192703525, 23, 36, NULL, '2024-09-23 19:57:06');
INSERT INTO `in_items` VALUES (272, 142750554, 16, 3, NULL, '2024-09-24 19:57:06');
INSERT INTO `in_items` VALUES (273, 191810874, 31, 47, NULL, '2024-09-26 19:57:06');
INSERT INTO `in_items` VALUES (274, 129333210, 65, 49, NULL, '2024-10-01 19:57:06');
INSERT INTO `in_items` VALUES (275, 172694517, 83, 49, NULL, '2024-09-25 19:57:06');
INSERT INTO `in_items` VALUES (276, 148599942, 85, 46, NULL, '2024-09-30 19:57:06');
INSERT INTO `in_items` VALUES (277, 163908001, 82, 22, NULL, '2024-09-27 19:57:06');
INSERT INTO `in_items` VALUES (278, 170541636, 96, 42, NULL, '2024-09-27 19:57:06');
INSERT INTO `in_items` VALUES (279, 170541636, 7, 34, NULL, '2024-09-22 19:57:06');
INSERT INTO `in_items` VALUES (280, 121126348, 87, 33, NULL, '2024-09-21 19:57:06');
INSERT INTO `in_items` VALUES (281, 125262482, 72, 46, NULL, '2024-10-04 19:57:06');
INSERT INTO `in_items` VALUES (282, 117772232, 55, 5, NULL, '2024-10-10 19:57:06');
INSERT INTO `in_items` VALUES (283, 170132683, 90, 24, NULL, '2024-09-22 19:57:06');
INSERT INTO `in_items` VALUES (284, 192777908, 55, 7, NULL, '2024-09-16 19:57:06');
INSERT INTO `in_items` VALUES (285, 177594417, 27, 34, NULL, '2024-09-15 19:57:06');
INSERT INTO `in_items` VALUES (286, 166638094, 65, 20, NULL, '2024-10-12 19:57:06');
INSERT INTO `in_items` VALUES (287, 133363619, 36, 31, NULL, '2024-09-18 19:57:06');
INSERT INTO `in_items` VALUES (288, 121580648, 26, 15, NULL, '2024-10-09 19:57:06');
INSERT INTO `in_items` VALUES (289, 110629910, 33, 38, NULL, '2024-09-27 19:57:06');
INSERT INTO `in_items` VALUES (290, 114834756, 49, 44, NULL, '2024-09-24 19:57:06');
INSERT INTO `in_items` VALUES (291, 157659300, 35, 19, NULL, '2024-10-04 19:57:06');
INSERT INTO `in_items` VALUES (292, 196286863, 18, 19, NULL, '2024-10-04 19:57:06');
INSERT INTO `in_items` VALUES (293, 174836138, 17, 14, NULL, '2024-10-03 19:57:06');
INSERT INTO `in_items` VALUES (294, 196286863, 4, 13, NULL, '2024-09-24 19:57:06');
INSERT INTO `in_items` VALUES (295, 121758890, 2, 32, NULL, '2024-09-19 19:57:06');
INSERT INTO `in_items` VALUES (296, 133363619, 40, 40, NULL, '2024-09-20 19:57:06');
INSERT INTO `in_items` VALUES (297, 145734570, 28, 27, NULL, '2024-09-22 19:57:06');
INSERT INTO `in_items` VALUES (298, 121083407, 94, 17, NULL, '2024-09-29 19:57:06');
INSERT INTO `in_items` VALUES (299, 190856393, 14, 24, NULL, '2024-10-05 19:57:06');
INSERT INTO `in_items` VALUES (300, 155397978, 76, 9, NULL, '2024-09-26 19:57:06');
INSERT INTO `in_items` VALUES (301, 183738221, 14, 47, NULL, '2024-10-14 19:57:06');
INSERT INTO `in_items` VALUES (302, 177711561, 6, 13, NULL, '2024-09-25 19:57:06');
INSERT INTO `in_items` VALUES (303, 191810874, 32, 35, NULL, '2024-10-14 19:57:06');
INSERT INTO `in_items` VALUES (304, 171399167, 40, 8, NULL, '2024-09-19 19:57:06');
INSERT INTO `in_items` VALUES (305, 121126348, 81, 9, NULL, '2024-10-08 19:57:06');
INSERT INTO `in_items` VALUES (306, 117772232, 19, 46, NULL, '2024-10-01 19:57:06');
INSERT INTO `in_items` VALUES (307, 189599809, 70, 21, NULL, '2024-09-16 19:57:06');
INSERT INTO `in_items` VALUES (308, 177458930, 45, 40, NULL, '2024-09-21 19:57:06');
INSERT INTO `in_items` VALUES (309, 110223855, 62, 49, NULL, '2024-10-14 19:57:06');
INSERT INTO `in_items` VALUES (310, 165762159, 71, 13, NULL, '2024-10-09 19:57:06');
INSERT INTO `in_items` VALUES (311, 191466432, 53, 15, NULL, '2024-10-01 19:57:06');
INSERT INTO `in_items` VALUES (312, 199311572, 95, 5, NULL, '2024-10-10 19:57:06');
INSERT INTO `in_items` VALUES (313, 112986855, 98, 45, NULL, '2024-10-01 19:57:06');
INSERT INTO `in_items` VALUES (314, 149886188, 95, 30, NULL, '2024-10-11 19:57:06');
INSERT INTO `in_items` VALUES (315, 177458930, 62, 16, NULL, '2024-09-19 19:57:06');
INSERT INTO `in_items` VALUES (316, 166638094, 85, 7, NULL, '2024-10-07 19:57:06');
INSERT INTO `in_items` VALUES (317, 189599809, 75, 30, NULL, '2024-09-16 19:57:06');
INSERT INTO `in_items` VALUES (318, 144416208, 85, 44, NULL, '2024-10-10 19:57:06');
INSERT INTO `in_items` VALUES (319, 188698457, 96, 11, NULL, '2024-09-28 19:57:06');
INSERT INTO `in_items` VALUES (320, 171399167, 29, 41, NULL, '2024-09-25 19:57:06');
INSERT INTO `in_items` VALUES (321, 163908001, 70, 48, NULL, '2024-09-18 19:57:06');
INSERT INTO `in_items` VALUES (322, 199439753, 48, 36, NULL, '2024-09-20 19:57:06');
INSERT INTO `in_items` VALUES (323, 133363619, 66, 27, NULL, '2024-09-28 19:57:06');
INSERT INTO `in_items` VALUES (324, 125262482, 55, 32, NULL, '2024-09-22 19:57:06');
INSERT INTO `in_items` VALUES (325, 110223855, 97, 10, NULL, '2024-10-02 19:57:06');
INSERT INTO `in_items` VALUES (326, 196286863, 59, 19, NULL, '2024-09-16 19:57:06');
INSERT INTO `in_items` VALUES (327, 121580648, 41, 4, NULL, '2024-09-17 19:57:06');
INSERT INTO `in_items` VALUES (328, 183997657, 24, 38, NULL, '2024-10-04 19:57:06');
INSERT INTO `in_items` VALUES (329, 112986855, 94, 42, NULL, '2024-10-04 19:57:06');
INSERT INTO `in_items` VALUES (330, 138426197, 87, 48, NULL, '2024-09-17 19:57:06');
INSERT INTO `in_items` VALUES (331, 151107791, 41, 39, NULL, '2024-10-11 19:57:06');
INSERT INTO `in_items` VALUES (332, 150189510, 92, 15, NULL, '2024-09-20 19:57:06');
INSERT INTO `in_items` VALUES (333, 194540550, 99, 14, NULL, '2024-10-05 19:57:06');
INSERT INTO `in_items` VALUES (334, 183997657, 86, 14, NULL, '2024-09-28 19:57:06');
INSERT INTO `in_items` VALUES (335, 198694155, 52, 26, NULL, '2024-10-08 19:57:06');
INSERT INTO `in_items` VALUES (336, 179490386, 12, 30, NULL, '2024-10-07 19:57:06');
INSERT INTO `in_items` VALUES (337, 155638251, 32, 12, NULL, '2024-09-20 19:57:06');
INSERT INTO `in_items` VALUES (338, 123588335, 14, 5, NULL, '2024-09-20 19:57:06');
INSERT INTO `in_items` VALUES (339, 163908001, 16, 24, NULL, '2024-10-06 19:57:06');
INSERT INTO `in_items` VALUES (340, 155638251, 11, 42, NULL, '2024-10-12 19:57:06');
INSERT INTO `in_items` VALUES (341, 170646970, 36, 2, NULL, '2024-10-14 19:57:06');
INSERT INTO `in_items` VALUES (342, 138426197, 29, 36, NULL, '2024-09-27 19:57:06');
INSERT INTO `in_items` VALUES (343, 116991830, 39, 41, NULL, '2024-09-23 19:57:06');
INSERT INTO `in_items` VALUES (344, 154781568, 19, 48, NULL, '2024-09-30 19:57:06');
INSERT INTO `in_items` VALUES (345, 197927790, 10, 1, NULL, '2024-10-13 19:57:06');
INSERT INTO `in_items` VALUES (346, 183738221, 25, 19, NULL, '2024-09-18 19:57:06');
INSERT INTO `in_items` VALUES (347, 132051670, 9, 21, NULL, '2024-09-27 19:57:06');
INSERT INTO `in_items` VALUES (348, 133698193, 71, 7, NULL, '2024-09-23 19:57:06');
INSERT INTO `in_items` VALUES (349, 155397978, 87, 14, NULL, '2024-09-20 19:57:06');
INSERT INTO `in_items` VALUES (350, 142357231, 3, 21, NULL, '2024-10-02 19:57:06');
INSERT INTO `in_items` VALUES (351, 170646970, 10, 8, NULL, '2024-10-03 19:57:06');
INSERT INTO `in_items` VALUES (352, 192777908, 100, 29, NULL, '2024-09-27 19:57:06');
INSERT INTO `in_items` VALUES (353, 188698457, 30, 46, NULL, '2024-09-21 19:57:06');
INSERT INTO `in_items` VALUES (354, 191810874, 33, 30, NULL, '2024-10-05 19:57:06');
INSERT INTO `in_items` VALUES (355, 188698457, 94, 28, NULL, '2024-10-12 19:57:06');
INSERT INTO `in_items` VALUES (356, 125150577, 9, 28, NULL, '2024-09-16 19:57:06');
INSERT INTO `in_items` VALUES (357, 133698193, 37, 3, NULL, '2024-09-18 19:57:06');
INSERT INTO `in_items` VALUES (358, 191211329, 44, 46, NULL, '2024-10-06 19:57:06');
INSERT INTO `in_items` VALUES (359, 154016492, 9, 19, NULL, '2024-09-29 19:57:06');
INSERT INTO `in_items` VALUES (360, 115428334, 45, 19, NULL, '2024-09-24 19:57:06');
INSERT INTO `in_items` VALUES (361, 173896715, 28, 11, NULL, '2024-09-24 19:57:06');
INSERT INTO `in_items` VALUES (362, 174836138, 75, 22, NULL, '2024-10-02 19:57:06');
INSERT INTO `in_items` VALUES (363, 183997657, 52, 20, NULL, '2024-10-02 19:57:06');
INSERT INTO `in_items` VALUES (364, 110223855, 90, 46, NULL, '2024-09-28 19:57:06');
INSERT INTO `in_items` VALUES (365, 172694517, 45, 24, NULL, '2024-10-07 19:57:06');
INSERT INTO `in_items` VALUES (366, 111729080, 82, 8, NULL, '2024-09-19 19:57:06');
INSERT INTO `in_items` VALUES (367, 129333210, 55, 5, NULL, '2024-09-20 19:57:06');
INSERT INTO `in_items` VALUES (368, 138426197, 40, 44, NULL, '2024-10-02 19:57:06');
INSERT INTO `in_items` VALUES (369, 144416208, 89, 18, NULL, '2024-09-30 19:57:06');
INSERT INTO `in_items` VALUES (370, 125262482, 40, 39, NULL, '2024-09-28 19:57:06');
INSERT INTO `in_items` VALUES (371, 178085706, 42, 20, NULL, '2024-10-10 19:57:06');
INSERT INTO `in_items` VALUES (372, 135469226, 67, 50, NULL, '2024-09-18 19:57:06');
INSERT INTO `in_items` VALUES (373, 110629910, 20, 11, NULL, '2024-10-10 19:57:06');
INSERT INTO `in_items` VALUES (374, 110223855, 50, 16, NULL, '2024-09-21 19:57:06');
INSERT INTO `in_items` VALUES (375, 110572676, 21, 49, NULL, '2024-10-06 19:57:06');
INSERT INTO `in_items` VALUES (376, 112820740, 45, 31, NULL, '2024-09-20 19:57:06');
INSERT INTO `in_items` VALUES (377, 115428334, 41, 27, NULL, '2024-10-04 19:57:06');
INSERT INTO `in_items` VALUES (378, 125150577, 86, 3, NULL, '2024-09-16 19:57:06');
INSERT INTO `in_items` VALUES (379, 121580648, 51, 30, NULL, '2024-09-30 19:57:06');
INSERT INTO `in_items` VALUES (380, 170646970, 44, 40, NULL, '2024-10-01 19:57:06');
INSERT INTO `in_items` VALUES (381, 153640092, 81, 31, NULL, '2024-10-09 19:57:06');
INSERT INTO `in_items` VALUES (382, 177594417, 82, 45, NULL, '2024-09-26 19:57:06');
INSERT INTO `in_items` VALUES (383, 142750554, 67, 37, NULL, '2024-10-13 19:57:06');
INSERT INTO `in_items` VALUES (384, 177594417, 28, 21, NULL, '2024-10-13 19:57:06');
INSERT INTO `in_items` VALUES (385, 193208071, 66, 40, NULL, '2024-10-03 19:57:06');
INSERT INTO `in_items` VALUES (386, 150189510, 52, 41, NULL, '2024-09-20 19:57:06');
INSERT INTO `in_items` VALUES (387, 185077818, 44, 25, NULL, '2024-09-15 19:57:06');
INSERT INTO `in_items` VALUES (388, 183997657, 40, 22, NULL, '2024-09-18 19:57:06');
INSERT INTO `in_items` VALUES (389, 148599942, 96, 5, NULL, '2024-10-07 19:57:06');
INSERT INTO `in_items` VALUES (390, 166638094, 81, 32, NULL, '2024-10-12 19:57:06');
INSERT INTO `in_items` VALUES (391, 130425525, 60, 8, NULL, '2024-09-23 19:57:06');
INSERT INTO `in_items` VALUES (392, 153640092, 5, 26, NULL, '2024-09-25 19:57:06');
INSERT INTO `in_items` VALUES (393, 135469226, 32, 43, NULL, '2024-09-18 19:57:06');
INSERT INTO `in_items` VALUES (394, 164434505, 67, 34, NULL, '2024-09-20 19:57:06');
INSERT INTO `in_items` VALUES (395, 132051670, 22, 21, NULL, '2024-10-02 19:57:06');
INSERT INTO `in_items` VALUES (396, 125262482, 53, 20, NULL, '2024-09-19 19:57:06');
INSERT INTO `in_items` VALUES (397, 194495179, 70, 21, NULL, '2024-10-09 19:57:06');
INSERT INTO `in_items` VALUES (398, 115367857, 72, 21, NULL, '2024-09-21 19:57:06');
INSERT INTO `in_items` VALUES (399, 199439753, 67, 33, NULL, '2024-10-07 19:57:06');
INSERT INTO `in_items` VALUES (400, 179490386, 98, 1, NULL, '2024-09-23 19:57:06');
INSERT INTO `in_items` VALUES (401, 157659300, 7, 32, NULL, '2024-10-04 19:57:06');
INSERT INTO `in_items` VALUES (402, 151107791, 30, 35, NULL, '2024-10-07 19:57:06');
INSERT INTO `in_items` VALUES (403, 157659300, 60, 12, NULL, '2024-10-13 19:57:06');
INSERT INTO `in_items` VALUES (404, 150189510, 74, 4, NULL, '2024-09-15 19:57:06');
INSERT INTO `in_items` VALUES (405, 173896715, 55, 28, NULL, '2024-10-03 19:57:06');
INSERT INTO `in_items` VALUES (406, 187291806, 34, 20, NULL, '2024-10-05 19:57:06');
INSERT INTO `in_items` VALUES (407, 138426197, 99, 21, NULL, '2024-09-20 19:57:06');
INSERT INTO `in_items` VALUES (408, 119143605, 43, 29, NULL, '2024-09-16 19:57:06');
INSERT INTO `in_items` VALUES (409, 154781568, 51, 33, NULL, '2024-09-30 19:57:06');
INSERT INTO `in_items` VALUES (410, 148160858, 39, 25, NULL, '2024-09-19 19:57:06');
INSERT INTO `in_items` VALUES (411, 155638251, 44, 30, NULL, '2024-09-26 19:57:06');
INSERT INTO `in_items` VALUES (412, 112820740, 46, 6, NULL, '2024-09-30 19:57:06');
INSERT INTO `in_items` VALUES (413, 138426197, 37, 26, NULL, '2024-10-09 19:57:06');
INSERT INTO `in_items` VALUES (414, 145734570, 8, 25, NULL, '2024-10-01 19:57:06');
INSERT INTO `in_items` VALUES (415, 199311572, 73, 12, NULL, '2024-10-06 19:57:06');
INSERT INTO `in_items` VALUES (416, 155397978, 2, 34, NULL, '2024-10-03 19:57:06');
INSERT INTO `in_items` VALUES (417, 145734570, 77, 44, NULL, '2024-09-25 19:57:06');
INSERT INTO `in_items` VALUES (418, 136249064, 78, 34, NULL, '2024-10-12 19:57:06');
INSERT INTO `in_items` VALUES (419, 193208071, 58, 42, NULL, '2024-09-16 19:57:06');
INSERT INTO `in_items` VALUES (420, 144416208, 70, 4, NULL, '2024-09-25 19:57:06');
INSERT INTO `in_items` VALUES (421, 136249064, 1, 17, NULL, '2024-10-11 19:57:06');
INSERT INTO `in_items` VALUES (422, 111729080, 46, 3, NULL, '2024-10-01 19:57:06');
INSERT INTO `in_items` VALUES (423, 198694155, 56, 17, NULL, '2024-10-04 19:57:06');
INSERT INTO `in_items` VALUES (424, 169314791, 24, 31, NULL, '2024-10-12 19:57:06');
INSERT INTO `in_items` VALUES (425, 144416208, 95, 47, NULL, '2024-10-10 19:57:06');
INSERT INTO `in_items` VALUES (426, 165762159, 14, 40, NULL, '2024-10-09 19:57:06');
INSERT INTO `in_items` VALUES (427, 199311572, 14, 13, NULL, '2024-09-17 19:57:06');
INSERT INTO `in_items` VALUES (428, 112986855, 58, 1, NULL, '2024-10-09 19:57:06');
INSERT INTO `in_items` VALUES (429, 155397978, 75, 47, NULL, '2024-09-24 19:57:06');
INSERT INTO `in_items` VALUES (430, 142750554, 63, 17, NULL, '2024-09-16 19:57:06');
INSERT INTO `in_items` VALUES (431, 187291806, 49, 36, NULL, '2024-09-19 19:57:06');
INSERT INTO `in_items` VALUES (432, 185077818, 57, 40, NULL, '2024-09-30 19:57:06');
INSERT INTO `in_items` VALUES (433, 142750554, 12, 37, NULL, '2024-09-23 19:57:06');
INSERT INTO `in_items` VALUES (434, 119143605, 97, 32, NULL, '2024-09-22 19:57:06');
INSERT INTO `in_items` VALUES (435, 112986855, 65, 36, NULL, '2024-09-22 19:57:06');
INSERT INTO `in_items` VALUES (436, 119143605, 84, 1, NULL, '2024-09-20 19:57:06');
INSERT INTO `in_items` VALUES (437, 112820740, 43, 30, NULL, '2024-10-07 19:57:06');
INSERT INTO `in_items` VALUES (438, 121758890, 94, 8, NULL, '2024-09-21 19:57:06');
INSERT INTO `in_items` VALUES (439, 135469226, 62, 2, NULL, '2024-10-13 19:57:06');
INSERT INTO `in_items` VALUES (440, 183738221, 3, 4, NULL, '2024-09-19 19:57:06');
INSERT INTO `in_items` VALUES (441, 110629910, 56, 2, NULL, '2024-09-29 19:57:06');
INSERT INTO `in_items` VALUES (442, 130425525, 57, 42, NULL, '2024-10-06 19:57:06');
INSERT INTO `in_items` VALUES (443, 145734570, 17, 45, NULL, '2024-09-22 19:57:06');
INSERT INTO `in_items` VALUES (444, 114958143, 84, 31, NULL, '2024-09-28 19:57:06');
INSERT INTO `in_items` VALUES (445, 191211329, 27, 45, NULL, '2024-10-12 19:57:06');
INSERT INTO `in_items` VALUES (446, 191211329, 76, 16, NULL, '2024-09-28 19:57:06');
INSERT INTO `in_items` VALUES (447, 164434505, 92, 36, NULL, '2024-10-04 19:57:06');
INSERT INTO `in_items` VALUES (448, 125150577, 93, 6, NULL, '2024-09-21 19:57:06');
INSERT INTO `in_items` VALUES (449, 188698457, 23, 38, NULL, '2024-09-17 19:57:06');
INSERT INTO `in_items` VALUES (450, 194495179, 72, 12, NULL, '2024-09-24 19:57:06');
INSERT INTO `in_items` VALUES (451, 198694155, 48, 49, NULL, '2024-09-19 19:57:06');
INSERT INTO `in_items` VALUES (452, 187291806, 39, 10, NULL, '2024-09-15 19:57:06');
INSERT INTO `in_items` VALUES (453, 154016492, 64, 29, NULL, '2024-10-14 19:57:06');
INSERT INTO `in_items` VALUES (454, 119143605, 25, 37, NULL, '2024-09-24 19:57:06');
INSERT INTO `in_items` VALUES (455, 149886188, 72, 3, NULL, '2024-09-19 19:57:06');
INSERT INTO `in_items` VALUES (456, 110629910, 21, 9, NULL, '2024-09-27 19:57:06');
INSERT INTO `in_items` VALUES (457, 172694517, 35, 7, NULL, '2024-10-09 19:57:06');
INSERT INTO `in_items` VALUES (458, 149886188, 61, 36, NULL, '2024-10-11 19:57:06');
INSERT INTO `in_items` VALUES (459, 164434505, 63, 25, NULL, '2024-09-28 19:57:06');
INSERT INTO `in_items` VALUES (460, 121758890, 19, 47, NULL, '2024-09-19 19:57:06');
INSERT INTO `in_items` VALUES (461, 172694517, 43, 15, NULL, '2024-10-02 19:57:06');
INSERT INTO `in_items` VALUES (462, 115428334, 91, 22, NULL, '2024-10-06 19:57:06');
INSERT INTO `in_items` VALUES (463, 142357231, 67, 48, NULL, '2024-10-05 19:57:06');
INSERT INTO `in_items` VALUES (464, 187291806, 94, 7, NULL, '2024-10-01 19:57:06');
INSERT INTO `in_items` VALUES (465, 114958143, 35, 36, NULL, '2024-10-11 19:57:06');
INSERT INTO `in_items` VALUES (466, 172694517, 11, 30, NULL, '2024-09-18 19:57:06');
INSERT INTO `in_items` VALUES (467, 135469226, 93, 16, NULL, '2024-10-12 19:57:06');
INSERT INTO `in_items` VALUES (468, 119143605, 15, 43, NULL, '2024-09-21 19:57:06');
INSERT INTO `in_items` VALUES (469, 149886188, 75, 8, NULL, '2024-10-05 19:57:06');
INSERT INTO `in_items` VALUES (470, 115428334, 48, 39, NULL, '2024-09-24 19:57:06');
INSERT INTO `in_items` VALUES (471, 189044594, 19, 25, NULL, '2024-10-07 19:57:06');
INSERT INTO `in_items` VALUES (472, 185077818, 12, 22, NULL, '2024-09-30 19:57:06');
INSERT INTO `in_items` VALUES (473, 173770671, 60, 40, NULL, '2024-09-16 19:57:06');
INSERT INTO `in_items` VALUES (474, 173770671, 41, 31, NULL, '2024-09-17 19:57:06');
INSERT INTO `in_items` VALUES (475, 185077818, 21, 1, NULL, '2024-09-22 19:57:06');
INSERT INTO `in_items` VALUES (476, 154016492, 13, 48, NULL, '2024-10-13 19:57:06');
INSERT INTO `in_items` VALUES (477, 154016492, 40, 31, NULL, '2024-10-04 19:57:06');
INSERT INTO `in_items` VALUES (478, 123241089, 81, 49, NULL, '2024-10-09 19:57:06');
INSERT INTO `in_items` VALUES (479, 142357231, 10, 2, NULL, '2024-10-01 19:57:06');
INSERT INTO `in_items` VALUES (480, 148160858, 34, 41, NULL, '2024-09-23 19:57:06');
INSERT INTO `in_items` VALUES (481, 115428334, 47, 10, NULL, '2024-09-16 19:57:06');
INSERT INTO `in_items` VALUES (482, 148160858, 77, 38, NULL, '2024-09-17 19:57:06');
INSERT INTO `in_items` VALUES (483, 115293571, 41, 42, NULL, '2024-10-02 19:57:06');
INSERT INTO `in_items` VALUES (484, 129333210, 95, 32, NULL, '2024-10-10 19:57:06');
INSERT INTO `in_items` VALUES (485, 189044594, 37, 7, NULL, '2024-09-27 19:57:06');
INSERT INTO `in_items` VALUES (486, 123241089, 79, 28, NULL, '2024-10-14 19:57:06');
INSERT INTO `in_items` VALUES (487, 189044594, 72, 16, NULL, '2024-10-10 19:57:06');
INSERT INTO `in_items` VALUES (488, 142357231, 98, 13, NULL, '2024-09-24 19:57:06');
INSERT INTO `in_items` VALUES (489, 115293571, 82, 17, NULL, '2024-10-14 19:57:06');
INSERT INTO `in_items` VALUES (490, 169314791, 19, 43, NULL, '2024-09-26 19:57:06');
INSERT INTO `in_items` VALUES (491, 123241089, 31, 2, NULL, '2024-10-14 19:57:06');
INSERT INTO `in_items` VALUES (492, 178085706, 86, 13, NULL, '2024-09-22 19:57:06');
INSERT INTO `in_items` VALUES (493, 115293571, 54, 27, NULL, '2024-10-13 19:57:06');
INSERT INTO `in_items` VALUES (494, 123241089, 72, 47, NULL, '2024-09-26 19:57:06');
INSERT INTO `in_items` VALUES (495, 169314791, 50, 11, NULL, '2024-10-03 19:57:06');
INSERT INTO `in_items` VALUES (496, 115293571, 88, 49, NULL, '2024-09-24 19:57:06');
INSERT INTO `in_items` VALUES (497, 169314791, 34, 30, NULL, '2024-09-17 19:57:06');
INSERT INTO `in_items` VALUES (498, 178085706, 62, 46, NULL, '2024-10-01 19:57:06');
INSERT INTO `in_items` VALUES (499, 148160858, 73, 22, NULL, '2024-10-06 19:57:06');
INSERT INTO `in_items` VALUES (500, 178085706, 49, 38, NULL, '2024-10-14 19:57:06');

-- ----------------------------
-- Table structure for in_store
-- ----------------------------
DROP TABLE IF EXISTS `in_store`;
CREATE TABLE `in_store`  (
  `order_id` int NOT NULL COMMENT '入库单ID',
  `yg_id` int NOT NULL COMMENT '添加订单的管理员ID',
  `order_status` tinyint(1) NOT NULL DEFAULT 0 COMMENT '订单状态 0未处理 1已处理',
  `order_time` datetime NOT NULL DEFAULT CURRENT_TIMESTAMP COMMENT '订单时间',
  `order_description` varchar(100) CHARACTER SET utf8mb4 COLLATE utf8mb4_0900_ai_ci NULL DEFAULT NULL COMMENT '订单描述',
  `handle_yg_id` int NULL DEFAULT NULL COMMENT '处理的员工ID',
  `handle_time` datetime NULL DEFAULT NULL COMMENT '处理时间',
  PRIMARY KEY (`order_id`) USING BTREE,
  INDEX `idx_user_id`(`yg_id` ASC) USING BTREE,
  INDEX `idx_order_time`(`order_time` ASC) USING BTREE,
  INDEX `handle_yg_id`(`handle_yg_id` ASC) USING BTREE,
  INDEX `idx_in_store_status`(`order_status` ASC) USING BTREE,
  INDEX `idx_in_store_handle_time`(`handle_time` ASC) USING BTREE,
  CONSTRAINT `in_store_ibfk_1` FOREIGN KEY (`yg_id`) REFERENCES `yg` (`yg_id`) ON DELETE RESTRICT ON UPDATE RESTRICT,
  CONSTRAINT `in_store_ibfk_2` FOREIGN KEY (`handle_yg_id`) REFERENCES `yg` (`yg_id`) ON DELETE RESTRICT ON UPDATE RESTRICT
) ENGINE = InnoDB CHARACTER SET = utf8mb4 COLLATE = utf8mb4_0900_ai_ci ROW_FORMAT = DYNAMIC;

-- ----------------------------
-- Records of in_store
-- ----------------------------
INSERT INTO `in_store` VALUES (110223855, 11, 0, '2024-08-18 19:57:06', '入库单描述 50', NULL, NULL);
INSERT INTO `in_store` VALUES (110572676, 14, 0, '2024-08-28 19:57:06', '入库单描述 17', NULL, NULL);
INSERT INTO `in_store` VALUES (110629910, 9, 0, '2024-09-13 19:57:06', '入库单描述 60', NULL, NULL);
INSERT INTO `in_store` VALUES (111729080, 1, 0, '2024-08-30 19:57:06', '入库单描述 90', NULL, NULL);
INSERT INTO `in_store` VALUES (112263151, 7, 0, '2024-08-26 19:57:06', '入库单描述 70', NULL, NULL);
INSERT INTO `in_store` VALUES (112820740, 13, 0, '2024-09-08 19:57:06', '入库单描述 40', NULL, NULL);
INSERT INTO `in_store` VALUES (112986855, 8, 0, '2024-09-05 19:57:06', '入库单描述 72', NULL, NULL);
INSERT INTO `in_store` VALUES (114834756, 4, 0, '2024-09-01 19:57:06', '入库单描述 65', NULL, NULL);
INSERT INTO `in_store` VALUES (114958143, 2, 0, '2024-09-12 19:57:06', '入库单描述 34', NULL, NULL);
INSERT INTO `in_store` VALUES (115293571, 3, 0, '2024-08-15 19:57:06', '入库单描述 21', NULL, NULL);
INSERT INTO `in_store` VALUES (115311292, 11, 0, '2024-08-20 19:57:06', '入库单描述 59', NULL, NULL);
INSERT INTO `in_store` VALUES (115367857, 14, 0, '2024-09-07 19:57:06', '入库单描述 56', NULL, NULL);
INSERT INTO `in_store` VALUES (115428334, 5, 0, '2024-08-15 19:57:06', '入库单描述 71', NULL, NULL);
INSERT INTO `in_store` VALUES (115947522, 10, 0, '2024-08-22 19:57:06', '入库单描述 61', NULL, NULL);
INSERT INTO `in_store` VALUES (116991830, 16, 0, '2024-08-25 19:57:06', '入库单描述 98', NULL, NULL);
INSERT INTO `in_store` VALUES (117772232, 1, 0, '2024-09-10 19:57:06', '入库单描述 10', NULL, NULL);
INSERT INTO `in_store` VALUES (119143605, 17, 0, '2024-08-24 19:57:06', '入库单描述 81', NULL, NULL);
INSERT INTO `in_store` VALUES (119924267, 17, 0, '2024-08-24 19:57:06', '入库单描述 14', NULL, NULL);
INSERT INTO `in_store` VALUES (121083407, 8, 0, '2024-08-26 19:57:06', '入库单描述 52', NULL, NULL);
INSERT INTO `in_store` VALUES (121126348, 5, 0, '2024-09-10 19:57:06', '入库单描述 35', NULL, NULL);
INSERT INTO `in_store` VALUES (121580648, 11, 0, '2024-08-16 19:57:06', '入库单描述 43', NULL, NULL);
INSERT INTO `in_store` VALUES (121758890, 1, 0, '2024-09-06 19:57:06', '入库单描述 53', NULL, NULL);
INSERT INTO `in_store` VALUES (123241089, 18, 0, '2024-08-27 19:57:06', '入库单描述 27', NULL, NULL);
INSERT INTO `in_store` VALUES (123588335, 20, 0, '2024-09-02 19:57:06', '入库单描述 22', NULL, NULL);
INSERT INTO `in_store` VALUES (125150577, 9, 0, '2024-09-13 19:57:06', '入库单描述 100', NULL, NULL);
INSERT INTO `in_store` VALUES (125262482, 19, 0, '2024-08-28 19:57:06', '入库单描述 41', NULL, NULL);
INSERT INTO `in_store` VALUES (129333210, 19, 0, '2024-09-04 19:57:06', '入库单描述 82', NULL, NULL);
INSERT INTO `in_store` VALUES (129618027, 8, 0, '2024-08-31 19:57:06', '入库单描述 67', NULL, NULL);
INSERT INTO `in_store` VALUES (130425525, 13, 0, '2024-09-08 19:57:06', '入库单描述 95', NULL, NULL);
INSERT INTO `in_store` VALUES (131389840, 9, 0, '2024-08-16 19:57:06', '入库单描述 19', NULL, NULL);
INSERT INTO `in_store` VALUES (132051670, 15, 0, '2024-08-19 19:57:06', '入库单描述 89', NULL, NULL);
INSERT INTO `in_store` VALUES (133363619, 17, 0, '2024-08-15 19:57:06', '入库单描述 79', NULL, NULL);
INSERT INTO `in_store` VALUES (133698193, 19, 0, '2024-08-15 19:57:06', '入库单描述 66', NULL, NULL);
INSERT INTO `in_store` VALUES (135469226, 14, 0, '2024-08-17 19:57:06', '入库单描述 75', NULL, NULL);
INSERT INTO `in_store` VALUES (135624036, 7, 0, '2024-08-25 19:57:06', '入库单描述 44', NULL, NULL);
INSERT INTO `in_store` VALUES (136249064, 15, 0, '2024-09-01 19:57:06', '入库单描述 18', NULL, NULL);
INSERT INTO `in_store` VALUES (136681935, 1, 0, '2024-08-30 19:57:06', '入库单描述 23', NULL, NULL);
INSERT INTO `in_store` VALUES (137047644, 2, 0, '2024-08-29 19:57:06', '入库单描述 3', NULL, NULL);
INSERT INTO `in_store` VALUES (138426197, 19, 0, '2024-09-05 19:57:06', '入库单描述 13', NULL, NULL);
INSERT INTO `in_store` VALUES (142357231, 17, 0, '2024-08-27 19:57:06', '入库单描述 32', NULL, NULL);
INSERT INTO `in_store` VALUES (142750554, 3, 0, '2024-09-12 19:57:06', '入库单描述 69', NULL, NULL);
INSERT INTO `in_store` VALUES (144416208, 6, 0, '2024-09-08 19:57:06', '入库单描述 38', NULL, NULL);
INSERT INTO `in_store` VALUES (145626774, 1, 0, '2024-08-26 19:57:06', '入库单描述 1', NULL, NULL);
INSERT INTO `in_store` VALUES (145734570, 19, 0, '2024-08-28 19:57:06', '入库单描述 37', NULL, NULL);
INSERT INTO `in_store` VALUES (147570002, 20, 0, '2024-08-23 19:57:06', '入库单描述 93', NULL, NULL);
INSERT INTO `in_store` VALUES (148160858, 19, 0, '2024-08-18 19:57:06', '入库单描述 25', NULL, NULL);
INSERT INTO `in_store` VALUES (148599942, 18, 0, '2024-09-03 19:57:06', '入库单描述 91', NULL, NULL);
INSERT INTO `in_store` VALUES (149886188, 8, 0, '2024-08-29 19:57:06', '入库单描述 64', NULL, NULL);
INSERT INTO `in_store` VALUES (150189510, 5, 0, '2024-09-04 19:57:06', '入库单描述 42', NULL, NULL);
INSERT INTO `in_store` VALUES (151107791, 8, 0, '2024-09-08 19:57:06', '入库单描述 97', NULL, NULL);
INSERT INTO `in_store` VALUES (153640092, 8, 0, '2024-09-13 19:57:06', '入库单描述 7', NULL, NULL);
INSERT INTO `in_store` VALUES (154016492, 11, 0, '2024-09-03 19:57:06', '入库单描述 29', NULL, NULL);
INSERT INTO `in_store` VALUES (154781568, 1, 0, '2024-08-19 19:57:06', '入库单描述 20', NULL, NULL);
INSERT INTO `in_store` VALUES (155397978, 12, 0, '2024-09-05 19:57:06', '入库单描述 9', NULL, NULL);
INSERT INTO `in_store` VALUES (155638251, 15, 0, '2024-09-10 19:57:06', '入库单描述 99', NULL, NULL);
INSERT INTO `in_store` VALUES (157659300, 20, 0, '2024-09-02 19:57:06', '入库单描述 84', NULL, NULL);
INSERT INTO `in_store` VALUES (159586034, 6, 0, '2024-09-09 19:57:06', '入库单描述 8', NULL, NULL);
INSERT INTO `in_store` VALUES (161074898, 14, 0, '2024-09-05 19:57:06', '入库单描述 49', NULL, NULL);
INSERT INTO `in_store` VALUES (163908001, 1, 0, '2024-08-23 19:57:06', '入库单描述 58', NULL, NULL);
INSERT INTO `in_store` VALUES (164434505, 20, 0, '2024-08-24 19:57:06', '入库单描述 36', NULL, NULL);
INSERT INTO `in_store` VALUES (165762159, 15, 0, '2024-09-11 19:57:06', '入库单描述 4', NULL, NULL);
INSERT INTO `in_store` VALUES (166638094, 15, 0, '2024-08-22 19:57:06', '入库单描述 73', NULL, NULL);
INSERT INTO `in_store` VALUES (169314791, 2, 0, '2024-09-02 19:57:06', '入库单描述 83', NULL, NULL);
INSERT INTO `in_store` VALUES (170132683, 5, 0, '2024-09-04 19:57:06', '入库单描述 12', NULL, NULL);
INSERT INTO `in_store` VALUES (170541636, 13, 0, '2024-09-12 19:57:06', '入库单描述 85', NULL, NULL);
INSERT INTO `in_store` VALUES (170646970, 8, 0, '2024-08-19 19:57:06', '入库单描述 62', NULL, NULL);
INSERT INTO `in_store` VALUES (171399167, 3, 0, '2024-08-24 19:57:06', '入库单描述 57', NULL, NULL);
INSERT INTO `in_store` VALUES (172414925, 2, 0, '2024-09-06 19:57:06', '入库单描述 77', NULL, NULL);
INSERT INTO `in_store` VALUES (172694517, 17, 0, '2024-08-18 19:57:06', '入库单描述 76', NULL, NULL);
INSERT INTO `in_store` VALUES (173770671, 10, 0, '2024-08-15 19:57:06', '入库单描述 74', NULL, NULL);
INSERT INTO `in_store` VALUES (173896715, 3, 0, '2024-08-26 19:57:06', '入库单描述 16', NULL, NULL);
INSERT INTO `in_store` VALUES (174620661, 1, 0, '2024-08-17 19:57:06', '入库单描述 63', NULL, NULL);
INSERT INTO `in_store` VALUES (174836138, 18, 0, '2024-08-21 19:57:06', '入库单描述 30', NULL, NULL);
INSERT INTO `in_store` VALUES (177458930, 10, 0, '2024-08-18 19:57:06', '入库单描述 92', NULL, NULL);
INSERT INTO `in_store` VALUES (177594417, 5, 0, '2024-09-05 19:57:06', '入库单描述 78', NULL, NULL);
INSERT INTO `in_store` VALUES (177711561, 10, 0, '2024-08-27 19:57:06', '入库单描述 5', NULL, NULL);
INSERT INTO `in_store` VALUES (178085706, 15, 0, '2024-08-28 19:57:06', '入库单描述 15', NULL, NULL);
INSERT INTO `in_store` VALUES (179490386, 9, 0, '2024-08-18 19:57:06', '入库单描述 33', NULL, NULL);
INSERT INTO `in_store` VALUES (183738221, 6, 0, '2024-09-13 19:57:06', '入库单描述 47', NULL, NULL);
INSERT INTO `in_store` VALUES (183997657, 16, 0, '2024-08-25 19:57:06', '入库单描述 68', NULL, NULL);
INSERT INTO `in_store` VALUES (185077818, 19, 0, '2024-09-09 19:57:06', '入库单描述 96', NULL, NULL);
INSERT INTO `in_store` VALUES (187291806, 18, 0, '2024-08-25 19:57:06', '入库单描述 45', NULL, NULL);
INSERT INTO `in_store` VALUES (188698457, 12, 0, '2024-09-09 19:57:06', '入库单描述 94', NULL, NULL);
INSERT INTO `in_store` VALUES (189044594, 19, 0, '2024-08-17 19:57:06', '入库单描述 39', NULL, NULL);
INSERT INTO `in_store` VALUES (189599809, 9, 0, '2024-09-04 19:57:06', '入库单描述 26', NULL, NULL);
INSERT INTO `in_store` VALUES (190856393, 7, 0, '2024-09-09 19:57:06', '入库单描述 24', NULL, NULL);
INSERT INTO `in_store` VALUES (191211329, 7, 0, '2024-08-28 19:57:06', '入库单描述 28', NULL, NULL);
INSERT INTO `in_store` VALUES (191466432, 17, 0, '2024-08-31 19:57:06', '入库单描述 11', NULL, NULL);
INSERT INTO `in_store` VALUES (191810874, 18, 0, '2024-08-29 19:57:06', '入库单描述 55', NULL, NULL);
INSERT INTO `in_store` VALUES (192703525, 4, 0, '2024-08-24 19:57:06', '入库单描述 6', NULL, NULL);
INSERT INTO `in_store` VALUES (192777908, 11, 0, '2024-08-28 19:57:06', '入库单描述 87', NULL, NULL);
INSERT INTO `in_store` VALUES (193208071, 19, 0, '2024-09-03 19:57:06', '入库单描述 48', NULL, NULL);
INSERT INTO `in_store` VALUES (194495179, 20, 0, '2024-08-30 19:57:06', '入库单描述 51', NULL, NULL);
INSERT INTO `in_store` VALUES (194540550, 6, 0, '2024-09-07 19:57:06', '入库单描述 80', NULL, NULL);
INSERT INTO `in_store` VALUES (195490646, 18, 0, '2024-08-27 19:57:06', '入库单描述 54', NULL, NULL);
INSERT INTO `in_store` VALUES (196286863, 10, 0, '2024-08-15 19:57:06', '入库单描述 31', NULL, NULL);
INSERT INTO `in_store` VALUES (197927790, 14, 0, '2024-09-09 19:57:06', '入库单描述 86', NULL, NULL);
INSERT INTO `in_store` VALUES (198694155, 2, 0, '2024-08-26 19:57:06', '入库单描述 46', NULL, NULL);
INSERT INTO `in_store` VALUES (199311572, 19, 0, '2024-09-11 19:57:06', '入库单描述 2', NULL, NULL);
INSERT INTO `in_store` VALUES (199439753, 6, 0, '2024-08-23 19:57:06', '入库单描述 88', NULL, NULL);

-- ----------------------------
-- Table structure for log_table
-- ----------------------------
DROP TABLE IF EXISTS `log_table`;
CREATE TABLE `log_table`  (
  `id` int NOT NULL AUTO_INCREMENT,
  `log_message` varchar(255) CHARACTER SET utf8mb4 COLLATE utf8mb4_0900_ai_ci NULL DEFAULT NULL,
  `log_time` datetime NULL DEFAULT CURRENT_TIMESTAMP,
  PRIMARY KEY (`id`) USING BTREE
) ENGINE = InnoDB AUTO_INCREMENT = 8 CHARACTER SET = utf8mb4 COLLATE = utf8mb4_0900_ai_ci ROW_FORMAT = Dynamic;

-- ----------------------------
-- Records of log_table
-- ----------------------------

-- ----------------------------
-- Table structure for login
-- ----------------------------
DROP TABLE IF EXISTS `login`;
CREATE TABLE `login`  (
  `login_id` int NOT NULL,
  `yg_id` int NOT NULL,
  `yg_passwd` varchar(100) CHARACTER SET utf8mb4 COLLATE utf8mb4_0900_ai_ci NOT NULL,
  PRIMARY KEY (`login_id`) USING BTREE,
  INDEX `yg_id`(`yg_id` ASC) USING BTREE,
  INDEX `idx_login_passwd`(`yg_passwd` ASC) USING BTREE,
  CONSTRAINT `login_ibfk_1` FOREIGN KEY (`yg_id`) REFERENCES `yg` (`yg_id`) ON DELETE RESTRICT ON UPDATE RESTRICT
) ENGINE = InnoDB CHARACTER SET = utf8mb4 COLLATE = utf8mb4_0900_ai_ci ROW_FORMAT = Dynamic;

-- ----------------------------
-- Records of login
-- ----------------------------
INSERT INTO `login` VALUES (1, 1, '123456');
INSERT INTO `login` VALUES (2, 2, '123456');
INSERT INTO `login` VALUES (3, 3, '123456');
INSERT INTO `login` VALUES (4, 4, '123456');
INSERT INTO `login` VALUES (5, 5, '123456');
INSERT INTO `login` VALUES (6, 6, '123456');
INSERT INTO `login` VALUES (7, 7, '123456');
INSERT INTO `login` VALUES (8, 8, '123456');
INSERT INTO `login` VALUES (9, 9, '123456');
INSERT INTO `login` VALUES (10, 10, '123456');
INSERT INTO `login` VALUES (11, 11, '123456');
INSERT INTO `login` VALUES (12, 12, '123456');
INSERT INTO `login` VALUES (13, 13, '123456');
INSERT INTO `login` VALUES (14, 14, '123456');
INSERT INTO `login` VALUES (15, 15, '123456');
INSERT INTO `login` VALUES (16, 16, '123456');
INSERT INTO `login` VALUES (17, 17, '123456');
INSERT INTO `login` VALUES (18, 18, '123456');
INSERT INTO `login` VALUES (19, 19, '123456');
INSERT INTO `login` VALUES (20, 20, '123456');
INSERT INTO `login` VALUES (21, 21, '67890');
INSERT INTO `login` VALUES (22, 22, '67890');
INSERT INTO `login` VALUES (23, 23, '67890');
INSERT INTO `login` VALUES (24, 24, '67890');
INSERT INTO `login` VALUES (25, 25, '67890');
INSERT INTO `login` VALUES (26, 26, '67890');
INSERT INTO `login` VALUES (27, 27, '67890');
INSERT INTO `login` VALUES (28, 28, '67890');
INSERT INTO `login` VALUES (29, 29, '67890');
INSERT INTO `login` VALUES (30, 30, '67890');
INSERT INTO `login` VALUES (31, 31, '67890');
INSERT INTO `login` VALUES (32, 32, '67890');
INSERT INTO `login` VALUES (33, 33, '67890');
INSERT INTO `login` VALUES (34, 34, '67890');
INSERT INTO `login` VALUES (35, 35, '67890');
INSERT INTO `login` VALUES (36, 36, '67890');
INSERT INTO `login` VALUES (37, 37, '67890');
INSERT INTO `login` VALUES (38, 38, '67890');
INSERT INTO `login` VALUES (39, 39, '67890');
INSERT INTO `login` VALUES (40, 40, '67890');
INSERT INTO `login` VALUES (41, 41, '67890');
INSERT INTO `login` VALUES (42, 42, '67890');
INSERT INTO `login` VALUES (43, 43, '67890');
INSERT INTO `login` VALUES (44, 44, '67890');
INSERT INTO `login` VALUES (45, 45, '67890');
INSERT INTO `login` VALUES (46, 46, '67890');
INSERT INTO `login` VALUES (47, 47, '67890');
INSERT INTO `login` VALUES (48, 48, '67890');
INSERT INTO `login` VALUES (49, 49, '67890');
INSERT INTO `login` VALUES (50, 50, '67890');
INSERT INTO `login` VALUES (51, 51, '67890');
INSERT INTO `login` VALUES (52, 52, '67890');
INSERT INTO `login` VALUES (53, 53, '67890');
INSERT INTO `login` VALUES (54, 54, '67890');
INSERT INTO `login` VALUES (55, 55, '67890');
INSERT INTO `login` VALUES (56, 56, '67890');
INSERT INTO `login` VALUES (57, 57, '67890');
INSERT INTO `login` VALUES (58, 58, '67890');
INSERT INTO `login` VALUES (59, 59, '67890');
INSERT INTO `login` VALUES (60, 60, '67890');
INSERT INTO `login` VALUES (61, 61, '67890');
INSERT INTO `login` VALUES (62, 62, '67890');
INSERT INTO `login` VALUES (63, 63, '67890');
INSERT INTO `login` VALUES (64, 64, '67890');
INSERT INTO `login` VALUES (65, 65, '67890');
INSERT INTO `login` VALUES (66, 66, '67890');
INSERT INTO `login` VALUES (67, 67, '67890');
INSERT INTO `login` VALUES (68, 68, '67890');
INSERT INTO `login` VALUES (69, 69, '67890');
INSERT INTO `login` VALUES (70, 70, '67890');
INSERT INTO `login` VALUES (71, 71, '67890');
INSERT INTO `login` VALUES (72, 72, '67890');
INSERT INTO `login` VALUES (73, 73, '67890');
INSERT INTO `login` VALUES (74, 74, '67890');
INSERT INTO `login` VALUES (75, 75, '67890');
INSERT INTO `login` VALUES (76, 76, '67890');
INSERT INTO `login` VALUES (77, 77, '67890');
INSERT INTO `login` VALUES (78, 78, '67890');
INSERT INTO `login` VALUES (79, 79, '67890');
INSERT INTO `login` VALUES (80, 80, '67890');
INSERT INTO `login` VALUES (81, 81, '67890');
INSERT INTO `login` VALUES (82, 82, '67890');
INSERT INTO `login` VALUES (83, 83, '67890');
INSERT INTO `login` VALUES (84, 84, '67890');
INSERT INTO `login` VALUES (85, 85, '67890');
INSERT INTO `login` VALUES (86, 86, '67890');
INSERT INTO `login` VALUES (87, 87, '67890');
INSERT INTO `login` VALUES (88, 88, '67890');
INSERT INTO `login` VALUES (89, 89, '67890');
INSERT INTO `login` VALUES (90, 90, '67890');
INSERT INTO `login` VALUES (91, 91, '67890');
INSERT INTO `login` VALUES (92, 92, '67890');
INSERT INTO `login` VALUES (93, 93, '67890');
INSERT INTO `login` VALUES (94, 94, '67890');
INSERT INTO `login` VALUES (95, 95, '67890');
INSERT INTO `login` VALUES (96, 96, '67890');
INSERT INTO `login` VALUES (97, 97, '67890');
INSERT INTO `login` VALUES (98, 98, '67890');
INSERT INTO `login` VALUES (99, 99, '67890');
INSERT INTO `login` VALUES (100, 100, '67890');
INSERT INTO `login` VALUES (101, 101, '67890');
INSERT INTO `login` VALUES (102, 102, '67890');
INSERT INTO `login` VALUES (103, 103, '67890');
INSERT INTO `login` VALUES (104, 104, '67890');
INSERT INTO `login` VALUES (105, 105, '67890');
INSERT INTO `login` VALUES (106, 106, '67890');
INSERT INTO `login` VALUES (107, 107, '67890');
INSERT INTO `login` VALUES (108, 108, '67890');
INSERT INTO `login` VALUES (109, 109, '67890');
INSERT INTO `login` VALUES (110, 110, '67890');
INSERT INTO `login` VALUES (111, 111, '67890');
INSERT INTO `login` VALUES (112, 112, '67890');
INSERT INTO `login` VALUES (113, 113, '67890');
INSERT INTO `login` VALUES (114, 114, '67890');
INSERT INTO `login` VALUES (115, 115, '67890');
INSERT INTO `login` VALUES (116, 116, '67890');
INSERT INTO `login` VALUES (117, 117, '67890');
INSERT INTO `login` VALUES (118, 118, '67890');
INSERT INTO `login` VALUES (119, 119, '67890');
INSERT INTO `login` VALUES (120, 120, '67890');
INSERT INTO `login` VALUES (121, 121, '67890');
INSERT INTO `login` VALUES (122, 122, '67890');
INSERT INTO `login` VALUES (123, 123, '67890');
INSERT INTO `login` VALUES (124, 124, '67890');
INSERT INTO `login` VALUES (125, 125, '67890');
INSERT INTO `login` VALUES (126, 126, '67890');
INSERT INTO `login` VALUES (127, 127, '67890');
INSERT INTO `login` VALUES (128, 128, '67890');
INSERT INTO `login` VALUES (129, 129, '67890');
INSERT INTO `login` VALUES (130, 130, '67890');
INSERT INTO `login` VALUES (131, 131, '67890');
INSERT INTO `login` VALUES (132, 132, '67890');
INSERT INTO `login` VALUES (133, 133, '67890');
INSERT INTO `login` VALUES (134, 134, '67890');
INSERT INTO `login` VALUES (135, 135, '67890');
INSERT INTO `login` VALUES (136, 136, '67890');
INSERT INTO `login` VALUES (137, 137, '67890');
INSERT INTO `login` VALUES (138, 138, '67890');
INSERT INTO `login` VALUES (139, 139, '67890');
INSERT INTO `login` VALUES (140, 140, '67890');
INSERT INTO `login` VALUES (141, 141, '67890');
INSERT INTO `login` VALUES (142, 142, '67890');
INSERT INTO `login` VALUES (143, 143, '67890');
INSERT INTO `login` VALUES (144, 144, '67890');
INSERT INTO `login` VALUES (145, 145, '67890');
INSERT INTO `login` VALUES (146, 146, '67890');
INSERT INTO `login` VALUES (147, 147, '67890');
INSERT INTO `login` VALUES (148, 148, '67890');
INSERT INTO `login` VALUES (149, 149, '67890');
INSERT INTO `login` VALUES (150, 150, '67890');
INSERT INTO `login` VALUES (151, 151, '67890');
INSERT INTO `login` VALUES (152, 152, '67890');
INSERT INTO `login` VALUES (153, 153, '67890');
INSERT INTO `login` VALUES (154, 154, '67890');
INSERT INTO `login` VALUES (155, 155, '67890');
INSERT INTO `login` VALUES (156, 156, '67890');
INSERT INTO `login` VALUES (157, 157, '67890');
INSERT INTO `login` VALUES (158, 158, '67890');
INSERT INTO `login` VALUES (159, 159, '67890');
INSERT INTO `login` VALUES (160, 160, '67890');
INSERT INTO `login` VALUES (161, 161, '67890');
INSERT INTO `login` VALUES (162, 162, '67890');
INSERT INTO `login` VALUES (163, 163, '67890');
INSERT INTO `login` VALUES (164, 164, '67890');
INSERT INTO `login` VALUES (165, 165, '67890');
INSERT INTO `login` VALUES (166, 166, '67890');
INSERT INTO `login` VALUES (167, 167, '67890');
INSERT INTO `login` VALUES (168, 168, '67890');
INSERT INTO `login` VALUES (169, 169, '67890');
INSERT INTO `login` VALUES (170, 170, '67890');
INSERT INTO `login` VALUES (171, 171, '67890');
INSERT INTO `login` VALUES (172, 172, '67890');
INSERT INTO `login` VALUES (173, 173, '67890');
INSERT INTO `login` VALUES (174, 174, '67890');
INSERT INTO `login` VALUES (175, 175, '67890');
INSERT INTO `login` VALUES (176, 176, '67890');
INSERT INTO `login` VALUES (177, 177, '67890');
INSERT INTO `login` VALUES (178, 178, '67890');
INSERT INTO `login` VALUES (179, 179, '67890');
INSERT INTO `login` VALUES (180, 180, '67890');
INSERT INTO `login` VALUES (181, 181, '67890');
INSERT INTO `login` VALUES (182, 182, '67890');
INSERT INTO `login` VALUES (183, 183, '67890');
INSERT INTO `login` VALUES (184, 184, '67890');
INSERT INTO `login` VALUES (185, 185, '67890');
INSERT INTO `login` VALUES (186, 186, '67890');
INSERT INTO `login` VALUES (187, 187, '67890');
INSERT INTO `login` VALUES (188, 188, '67890');
INSERT INTO `login` VALUES (189, 189, '67890');
INSERT INTO `login` VALUES (190, 190, '67890');
INSERT INTO `login` VALUES (191, 191, '67890');
INSERT INTO `login` VALUES (192, 192, '67890');
INSERT INTO `login` VALUES (193, 193, '67890');
INSERT INTO `login` VALUES (194, 194, '67890');
INSERT INTO `login` VALUES (195, 195, '67890');
INSERT INTO `login` VALUES (196, 196, '67890');
INSERT INTO `login` VALUES (197, 197, '67890');
INSERT INTO `login` VALUES (198, 198, '67890');
INSERT INTO `login` VALUES (199, 199, '67890');
INSERT INTO `login` VALUES (200, 200, '67890');

-- ----------------------------
-- Table structure for out_items
-- ----------------------------
DROP TABLE IF EXISTS `out_items`;
CREATE TABLE `out_items`  (
  `item_id` int NOT NULL AUTO_INCREMENT,
  `order_id` int NOT NULL,
  `product_id` int NOT NULL,
  `num` int NOT NULL,
  PRIMARY KEY (`item_id`) USING BTREE,
  INDEX `idx_out_items_product`(`product_id` ASC) USING BTREE,
  INDEX `idx_out_items_order_product`(`order_id` ASC, `product_id` ASC) USING BTREE,
  CONSTRAINT `out_items_ibfk_1` FOREIGN KEY (`order_id`) REFERENCES `out_store` (`order_id`) ON DELETE RESTRICT ON UPDATE RESTRICT
) ENGINE = InnoDB AUTO_INCREMENT = 501 CHARACTER SET = utf8mb4 COLLATE = utf8mb4_0900_ai_ci ROW_FORMAT = Dynamic;

-- ----------------------------
-- Records of out_items
-- ----------------------------
INSERT INTO `out_items` VALUES (1, 211099847, 91, 7);
INSERT INTO `out_items` VALUES (2, 221531449, 93, 19);
INSERT INTO `out_items` VALUES (3, 262275210, 129, 18);
INSERT INTO `out_items` VALUES (4, 295303194, 187, 45);
INSERT INTO `out_items` VALUES (5, 277116610, 103, 32);
INSERT INTO `out_items` VALUES (6, 294076993, 68, 17);
INSERT INTO `out_items` VALUES (7, 236856613, 189, 13);
INSERT INTO `out_items` VALUES (8, 230285399, 62, 45);
INSERT INTO `out_items` VALUES (9, 218317273, 199, 46);
INSERT INTO `out_items` VALUES (10, 243844712, 164, 18);
INSERT INTO `out_items` VALUES (11, 271607038, 142, 9);
INSERT INTO `out_items` VALUES (12, 228385689, 31, 31);
INSERT INTO `out_items` VALUES (13, 245729771, 133, 20);
INSERT INTO `out_items` VALUES (14, 274773624, 34, 18);
INSERT INTO `out_items` VALUES (15, 242026661, 195, 15);
INSERT INTO `out_items` VALUES (16, 255422059, 127, 13);
INSERT INTO `out_items` VALUES (17, 276268616, 114, 17);
INSERT INTO `out_items` VALUES (18, 221531449, 157, 17);
INSERT INTO `out_items` VALUES (19, 276934910, 101, 20);
INSERT INTO `out_items` VALUES (20, 290598027, 71, 4);
INSERT INTO `out_items` VALUES (21, 283398158, 23, 47);
INSERT INTO `out_items` VALUES (22, 222403305, 175, 5);
INSERT INTO `out_items` VALUES (23, 234749524, 178, 15);
INSERT INTO `out_items` VALUES (24, 222403305, 15, 11);
INSERT INTO `out_items` VALUES (25, 275328218, 129, 22);
INSERT INTO `out_items` VALUES (26, 262275210, 156, 16);
INSERT INTO `out_items` VALUES (27, 272390106, 136, 22);
INSERT INTO `out_items` VALUES (28, 242525710, 52, 34);
INSERT INTO `out_items` VALUES (29, 285958201, 80, 44);
INSERT INTO `out_items` VALUES (30, 292947655, 76, 34);
INSERT INTO `out_items` VALUES (31, 292407362, 1, 27);
INSERT INTO `out_items` VALUES (32, 279530975, 73, 11);
INSERT INTO `out_items` VALUES (33, 211099847, 163, 22);
INSERT INTO `out_items` VALUES (34, 245729771, 100, 15);
INSERT INTO `out_items` VALUES (35, 285215946, 18, 48);
INSERT INTO `out_items` VALUES (36, 294076993, 41, 21);
INSERT INTO `out_items` VALUES (37, 235319991, 29, 6);
INSERT INTO `out_items` VALUES (38, 241261675, 78, 9);
INSERT INTO `out_items` VALUES (39, 227263377, 28, 50);
INSERT INTO `out_items` VALUES (40, 263790087, 130, 24);
INSERT INTO `out_items` VALUES (41, 245729771, 172, 45);
INSERT INTO `out_items` VALUES (42, 228086359, 136, 49);
INSERT INTO `out_items` VALUES (43, 271607038, 65, 15);
INSERT INTO `out_items` VALUES (44, 295303194, 148, 30);
INSERT INTO `out_items` VALUES (45, 242525710, 167, 45);
INSERT INTO `out_items` VALUES (46, 245349055, 42, 27);
INSERT INTO `out_items` VALUES (47, 242525710, 24, 45);
INSERT INTO `out_items` VALUES (48, 245349055, 138, 6);
INSERT INTO `out_items` VALUES (49, 233386889, 174, 9);
INSERT INTO `out_items` VALUES (50, 294645627, 45, 28);
INSERT INTO `out_items` VALUES (51, 279530975, 178, 12);
INSERT INTO `out_items` VALUES (52, 261684070, 183, 46);
INSERT INTO `out_items` VALUES (53, 273559633, 102, 12);
INSERT INTO `out_items` VALUES (54, 227263377, 128, 49);
INSERT INTO `out_items` VALUES (55, 295221662, 6, 21);
INSERT INTO `out_items` VALUES (56, 227263377, 117, 44);
INSERT INTO `out_items` VALUES (57, 273559633, 45, 12);
INSERT INTO `out_items` VALUES (58, 294645627, 191, 41);
INSERT INTO `out_items` VALUES (59, 255422059, 67, 39);
INSERT INTO `out_items` VALUES (60, 275938195, 15, 40);
INSERT INTO `out_items` VALUES (61, 249524697, 54, 20);
INSERT INTO `out_items` VALUES (62, 221356591, 20, 17);
INSERT INTO `out_items` VALUES (63, 240559574, 106, 47);
INSERT INTO `out_items` VALUES (64, 228056348, 10, 16);
INSERT INTO `out_items` VALUES (65, 253921485, 157, 38);
INSERT INTO `out_items` VALUES (66, 239946381, 60, 19);
INSERT INTO `out_items` VALUES (67, 272390106, 98, 16);
INSERT INTO `out_items` VALUES (68, 218317273, 84, 42);
INSERT INTO `out_items` VALUES (69, 248825048, 156, 45);
INSERT INTO `out_items` VALUES (70, 294076993, 145, 9);
INSERT INTO `out_items` VALUES (71, 292947655, 5, 8);
INSERT INTO `out_items` VALUES (72, 227263377, 54, 14);
INSERT INTO `out_items` VALUES (73, 220474014, 165, 44);
INSERT INTO `out_items` VALUES (74, 237633852, 73, 48);
INSERT INTO `out_items` VALUES (75, 241261675, 118, 18);
INSERT INTO `out_items` VALUES (76, 243525531, 129, 44);
INSERT INTO `out_items` VALUES (77, 276613963, 69, 22);
INSERT INTO `out_items` VALUES (78, 245526529, 61, 32);
INSERT INTO `out_items` VALUES (79, 268339695, 63, 6);
INSERT INTO `out_items` VALUES (80, 236951842, 44, 22);
INSERT INTO `out_items` VALUES (81, 274773624, 38, 20);
INSERT INTO `out_items` VALUES (82, 238160105, 128, 16);
INSERT INTO `out_items` VALUES (83, 220474014, 149, 12);
INSERT INTO `out_items` VALUES (84, 228056348, 33, 23);
INSERT INTO `out_items` VALUES (85, 272390106, 187, 31);
INSERT INTO `out_items` VALUES (86, 279530975, 106, 6);
INSERT INTO `out_items` VALUES (87, 273559633, 153, 22);
INSERT INTO `out_items` VALUES (88, 225064918, 52, 41);
INSERT INTO `out_items` VALUES (89, 215032043, 96, 2);
INSERT INTO `out_items` VALUES (90, 276613963, 156, 29);
INSERT INTO `out_items` VALUES (91, 246604265, 44, 39);
INSERT INTO `out_items` VALUES (92, 246832628, 20, 44);
INSERT INTO `out_items` VALUES (93, 279752700, 134, 38);
INSERT INTO `out_items` VALUES (94, 277116610, 105, 4);
INSERT INTO `out_items` VALUES (95, 273559633, 29, 49);
INSERT INTO `out_items` VALUES (96, 228086359, 90, 27);
INSERT INTO `out_items` VALUES (97, 275938195, 18, 34);
INSERT INTO `out_items` VALUES (98, 293629035, 37, 41);
INSERT INTO `out_items` VALUES (99, 245526529, 102, 4);
INSERT INTO `out_items` VALUES (100, 261684070, 79, 6);
INSERT INTO `out_items` VALUES (101, 274766054, 138, 32);
INSERT INTO `out_items` VALUES (102, 243844712, 96, 18);
INSERT INTO `out_items` VALUES (103, 293629035, 109, 18);
INSERT INTO `out_items` VALUES (104, 246699433, 113, 12);
INSERT INTO `out_items` VALUES (105, 299948347, 163, 40);
INSERT INTO `out_items` VALUES (106, 292947655, 98, 35);
INSERT INTO `out_items` VALUES (107, 275938195, 7, 27);
INSERT INTO `out_items` VALUES (108, 215489299, 140, 44);
INSERT INTO `out_items` VALUES (109, 245526529, 134, 18);
INSERT INTO `out_items` VALUES (110, 220837543, 100, 26);
INSERT INTO `out_items` VALUES (111, 285215946, 13, 40);
INSERT INTO `out_items` VALUES (112, 278929382, 25, 8);
INSERT INTO `out_items` VALUES (113, 242026661, 124, 16);
INSERT INTO `out_items` VALUES (114, 275938195, 60, 1);
INSERT INTO `out_items` VALUES (115, 225064918, 148, 25);
INSERT INTO `out_items` VALUES (116, 290598027, 150, 49);
INSERT INTO `out_items` VALUES (117, 259319838, 25, 28);
INSERT INTO `out_items` VALUES (118, 240559574, 16, 14);
INSERT INTO `out_items` VALUES (119, 295303194, 184, 25);
INSERT INTO `out_items` VALUES (120, 227263377, 40, 11);
INSERT INTO `out_items` VALUES (121, 250526170, 195, 7);
INSERT INTO `out_items` VALUES (122, 273559633, 177, 34);
INSERT INTO `out_items` VALUES (123, 276268616, 144, 19);
INSERT INTO `out_items` VALUES (124, 215489299, 145, 15);
INSERT INTO `out_items` VALUES (125, 285695292, 63, 30);
INSERT INTO `out_items` VALUES (126, 285215946, 73, 11);
INSERT INTO `out_items` VALUES (127, 290598027, 21, 30);
INSERT INTO `out_items` VALUES (128, 221356591, 43, 17);
INSERT INTO `out_items` VALUES (129, 264014510, 172, 36);
INSERT INTO `out_items` VALUES (130, 235319991, 150, 4);
INSERT INTO `out_items` VALUES (131, 255422059, 190, 50);
INSERT INTO `out_items` VALUES (132, 280198326, 28, 17);
INSERT INTO `out_items` VALUES (133, 263790087, 68, 19);
INSERT INTO `out_items` VALUES (134, 255422059, 137, 48);
INSERT INTO `out_items` VALUES (135, 211276854, 116, 28);
INSERT INTO `out_items` VALUES (136, 242026661, 87, 26);
INSERT INTO `out_items` VALUES (137, 241261675, 185, 30);
INSERT INTO `out_items` VALUES (138, 220837543, 54, 22);
INSERT INTO `out_items` VALUES (139, 241261675, 105, 40);
INSERT INTO `out_items` VALUES (140, 211276854, 132, 26);
INSERT INTO `out_items` VALUES (141, 215032043, 162, 29);
INSERT INTO `out_items` VALUES (142, 293629035, 145, 18);
INSERT INTO `out_items` VALUES (143, 276934910, 137, 26);
INSERT INTO `out_items` VALUES (144, 230952068, 96, 9);
INSERT INTO `out_items` VALUES (145, 242281487, 144, 20);
INSERT INTO `out_items` VALUES (146, 279752700, 16, 33);
INSERT INTO `out_items` VALUES (147, 262275210, 125, 5);
INSERT INTO `out_items` VALUES (148, 278929382, 124, 43);
INSERT INTO `out_items` VALUES (149, 295221662, 81, 8);
INSERT INTO `out_items` VALUES (150, 249524697, 145, 10);
INSERT INTO `out_items` VALUES (151, 228385689, 85, 34);
INSERT INTO `out_items` VALUES (152, 268339695, 147, 47);
INSERT INTO `out_items` VALUES (153, 268339695, 70, 24);
INSERT INTO `out_items` VALUES (154, 235848122, 162, 2);
INSERT INTO `out_items` VALUES (155, 221356591, 144, 12);
INSERT INTO `out_items` VALUES (156, 240559574, 114, 40);
INSERT INTO `out_items` VALUES (157, 292407362, 87, 35);
INSERT INTO `out_items` VALUES (158, 236951842, 129, 12);
INSERT INTO `out_items` VALUES (159, 297234647, 186, 46);
INSERT INTO `out_items` VALUES (160, 274773624, 63, 10);
INSERT INTO `out_items` VALUES (161, 294645627, 2, 21);
INSERT INTO `out_items` VALUES (162, 268339695, 140, 5);
INSERT INTO `out_items` VALUES (163, 233386889, 72, 29);
INSERT INTO `out_items` VALUES (164, 255422059, 142, 3);
INSERT INTO `out_items` VALUES (165, 279752700, 128, 41);
INSERT INTO `out_items` VALUES (166, 272390106, 64, 25);
INSERT INTO `out_items` VALUES (167, 237272321, 92, 22);
INSERT INTO `out_items` VALUES (168, 299948347, 180, 11);
INSERT INTO `out_items` VALUES (169, 234511023, 171, 13);
INSERT INTO `out_items` VALUES (170, 297234647, 97, 33);
INSERT INTO `out_items` VALUES (171, 246699433, 81, 19);
INSERT INTO `out_items` VALUES (172, 220474014, 192, 10);
INSERT INTO `out_items` VALUES (173, 218317273, 129, 28);
INSERT INTO `out_items` VALUES (174, 271711822, 141, 48);
INSERT INTO `out_items` VALUES (175, 275938195, 9, 38);
INSERT INTO `out_items` VALUES (176, 276613963, 196, 13);
INSERT INTO `out_items` VALUES (177, 292407362, 131, 7);
INSERT INTO `out_items` VALUES (178, 245526529, 145, 46);
INSERT INTO `out_items` VALUES (179, 236856613, 122, 26);
INSERT INTO `out_items` VALUES (180, 253921485, 6, 34);
INSERT INTO `out_items` VALUES (181, 285958201, 92, 28);
INSERT INTO `out_items` VALUES (182, 211276854, 30, 13);
INSERT INTO `out_items` VALUES (183, 253921485, 142, 6);
INSERT INTO `out_items` VALUES (184, 279752700, 141, 18);
INSERT INTO `out_items` VALUES (185, 275938195, 93, 22);
INSERT INTO `out_items` VALUES (186, 221531449, 166, 17);
INSERT INTO `out_items` VALUES (187, 293629035, 131, 43);
INSERT INTO `out_items` VALUES (188, 220837543, 88, 39);
INSERT INTO `out_items` VALUES (189, 249851774, 87, 14);
INSERT INTO `out_items` VALUES (190, 276934910, 23, 31);
INSERT INTO `out_items` VALUES (191, 234511023, 159, 36);
INSERT INTO `out_items` VALUES (192, 246699433, 32, 26);
INSERT INTO `out_items` VALUES (193, 239946381, 95, 43);
INSERT INTO `out_items` VALUES (194, 225064918, 118, 13);
INSERT INTO `out_items` VALUES (195, 227263377, 162, 44);
INSERT INTO `out_items` VALUES (196, 275938195, 2, 14);
INSERT INTO `out_items` VALUES (197, 234446615, 46, 18);
INSERT INTO `out_items` VALUES (198, 249524697, 98, 49);
INSERT INTO `out_items` VALUES (199, 280835223, 172, 31);
INSERT INTO `out_items` VALUES (200, 264014510, 64, 12);
INSERT INTO `out_items` VALUES (201, 229103454, 195, 8);
INSERT INTO `out_items` VALUES (202, 277116610, 110, 28);
INSERT INTO `out_items` VALUES (203, 241261675, 81, 3);
INSERT INTO `out_items` VALUES (204, 237272321, 32, 6);
INSERT INTO `out_items` VALUES (205, 215489299, 42, 21);
INSERT INTO `out_items` VALUES (206, 255422059, 9, 7);
INSERT INTO `out_items` VALUES (207, 218317273, 190, 50);
INSERT INTO `out_items` VALUES (208, 297234647, 13, 12);
INSERT INTO `out_items` VALUES (209, 234749524, 32, 29);
INSERT INTO `out_items` VALUES (210, 236856613, 197, 8);
INSERT INTO `out_items` VALUES (211, 237272321, 128, 15);
INSERT INTO `out_items` VALUES (212, 243844712, 179, 44);
INSERT INTO `out_items` VALUES (213, 279752700, 163, 35);
INSERT INTO `out_items` VALUES (214, 214253305, 23, 9);
INSERT INTO `out_items` VALUES (215, 245526529, 17, 28);
INSERT INTO `out_items` VALUES (216, 273559633, 125, 11);
INSERT INTO `out_items` VALUES (217, 230285399, 189, 23);
INSERT INTO `out_items` VALUES (218, 221531449, 129, 28);
INSERT INTO `out_items` VALUES (219, 243844712, 23, 25);
INSERT INTO `out_items` VALUES (220, 258638968, 4, 29);
INSERT INTO `out_items` VALUES (221, 279752700, 176, 14);
INSERT INTO `out_items` VALUES (222, 281939115, 97, 24);
INSERT INTO `out_items` VALUES (223, 285958201, 21, 7);
INSERT INTO `out_items` VALUES (224, 271607038, 87, 46);
INSERT INTO `out_items` VALUES (225, 249524697, 127, 44);
INSERT INTO `out_items` VALUES (226, 237633852, 35, 37);
INSERT INTO `out_items` VALUES (227, 242281487, 94, 7);
INSERT INTO `out_items` VALUES (228, 238160105, 195, 2);
INSERT INTO `out_items` VALUES (229, 220027366, 68, 45);
INSERT INTO `out_items` VALUES (230, 220198079, 92, 50);
INSERT INTO `out_items` VALUES (231, 277116610, 83, 36);
INSERT INTO `out_items` VALUES (232, 261684070, 160, 34);
INSERT INTO `out_items` VALUES (233, 228249256, 190, 4);
INSERT INTO `out_items` VALUES (234, 272390106, 28, 3);
INSERT INTO `out_items` VALUES (235, 263790087, 63, 29);
INSERT INTO `out_items` VALUES (236, 245349055, 131, 18);
INSERT INTO `out_items` VALUES (237, 245349055, 16, 14);
INSERT INTO `out_items` VALUES (238, 234749524, 154, 47);
INSERT INTO `out_items` VALUES (239, 218317273, 38, 44);
INSERT INTO `out_items` VALUES (240, 294645627, 112, 16);
INSERT INTO `out_items` VALUES (241, 255422059, 38, 8);
INSERT INTO `out_items` VALUES (242, 234749524, 122, 12);
INSERT INTO `out_items` VALUES (243, 215032043, 121, 26);
INSERT INTO `out_items` VALUES (244, 264014510, 87, 5);
INSERT INTO `out_items` VALUES (245, 248825048, 127, 23);
INSERT INTO `out_items` VALUES (246, 242103308, 198, 26);
INSERT INTO `out_items` VALUES (247, 216643111, 150, 14);
INSERT INTO `out_items` VALUES (248, 293629035, 86, 36);
INSERT INTO `out_items` VALUES (249, 259319838, 18, 24);
INSERT INTO `out_items` VALUES (250, 295221662, 104, 32);
INSERT INTO `out_items` VALUES (251, 234749524, 43, 6);
INSERT INTO `out_items` VALUES (252, 263790087, 170, 12);
INSERT INTO `out_items` VALUES (253, 241261675, 5, 27);
INSERT INTO `out_items` VALUES (254, 233386889, 9, 4);
INSERT INTO `out_items` VALUES (255, 292407362, 13, 6);
INSERT INTO `out_items` VALUES (256, 216643111, 63, 35);
INSERT INTO `out_items` VALUES (257, 275938195, 170, 43);
INSERT INTO `out_items` VALUES (258, 294645627, 184, 15);
INSERT INTO `out_items` VALUES (259, 234749524, 37, 31);
INSERT INTO `out_items` VALUES (260, 276613963, 154, 2);
INSERT INTO `out_items` VALUES (261, 220474014, 170, 22);
INSERT INTO `out_items` VALUES (262, 236951842, 126, 10);
INSERT INTO `out_items` VALUES (263, 274773624, 168, 9);
INSERT INTO `out_items` VALUES (264, 238160105, 161, 32);
INSERT INTO `out_items` VALUES (265, 278929382, 67, 6);
INSERT INTO `out_items` VALUES (266, 222403305, 140, 46);
INSERT INTO `out_items` VALUES (267, 245526529, 20, 50);
INSERT INTO `out_items` VALUES (268, 273559633, 1, 23);
INSERT INTO `out_items` VALUES (269, 253921485, 15, 29);
INSERT INTO `out_items` VALUES (270, 253921485, 163, 46);
INSERT INTO `out_items` VALUES (271, 218317273, 140, 13);
INSERT INTO `out_items` VALUES (272, 242103308, 104, 9);
INSERT INTO `out_items` VALUES (273, 228086359, 156, 49);
INSERT INTO `out_items` VALUES (274, 220027366, 154, 49);
INSERT INTO `out_items` VALUES (275, 272390106, 133, 43);
INSERT INTO `out_items` VALUES (276, 266407206, 156, 2);
INSERT INTO `out_items` VALUES (277, 230952068, 5, 48);
INSERT INTO `out_items` VALUES (278, 271711822, 184, 50);
INSERT INTO `out_items` VALUES (279, 279530975, 173, 45);
INSERT INTO `out_items` VALUES (280, 220198079, 148, 21);
INSERT INTO `out_items` VALUES (281, 230952068, 15, 40);
INSERT INTO `out_items` VALUES (282, 222403305, 165, 13);
INSERT INTO `out_items` VALUES (283, 292947655, 82, 28);
INSERT INTO `out_items` VALUES (284, 215489299, 104, 29);
INSERT INTO `out_items` VALUES (285, 215489299, 70, 30);
INSERT INTO `out_items` VALUES (286, 218317273, 98, 40);
INSERT INTO `out_items` VALUES (287, 273236587, 173, 24);
INSERT INTO `out_items` VALUES (288, 280198326, 193, 49);
INSERT INTO `out_items` VALUES (289, 279531897, 123, 23);
INSERT INTO `out_items` VALUES (290, 236951842, 109, 33);
INSERT INTO `out_items` VALUES (291, 214253305, 17, 5);
INSERT INTO `out_items` VALUES (292, 236951842, 187, 45);
INSERT INTO `out_items` VALUES (293, 237633852, 68, 32);
INSERT INTO `out_items` VALUES (294, 234511023, 197, 42);
INSERT INTO `out_items` VALUES (295, 280198326, 84, 37);
INSERT INTO `out_items` VALUES (296, 233386889, 68, 41);
INSERT INTO `out_items` VALUES (297, 215489299, 16, 43);
INSERT INTO `out_items` VALUES (298, 264014510, 128, 40);
INSERT INTO `out_items` VALUES (299, 242026661, 151, 48);
INSERT INTO `out_items` VALUES (300, 283398158, 178, 2);
INSERT INTO `out_items` VALUES (301, 285695292, 54, 47);
INSERT INTO `out_items` VALUES (302, 220837543, 175, 41);
INSERT INTO `out_items` VALUES (303, 250526170, 104, 42);
INSERT INTO `out_items` VALUES (304, 220837543, 133, 4);
INSERT INTO `out_items` VALUES (305, 276613963, 107, 21);
INSERT INTO `out_items` VALUES (306, 252059751, 171, 17);
INSERT INTO `out_items` VALUES (307, 281939115, 160, 23);
INSERT INTO `out_items` VALUES (308, 246699433, 119, 41);
INSERT INTO `out_items` VALUES (309, 271711822, 74, 31);
INSERT INTO `out_items` VALUES (310, 216643111, 199, 4);
INSERT INTO `out_items` VALUES (311, 262275210, 70, 43);
INSERT INTO `out_items` VALUES (312, 220474014, 24, 9);
INSERT INTO `out_items` VALUES (313, 276934910, 170, 9);
INSERT INTO `out_items` VALUES (314, 253921485, 45, 10);
INSERT INTO `out_items` VALUES (315, 275938195, 131, 30);
INSERT INTO `out_items` VALUES (316, 254175696, 65, 23);
INSERT INTO `out_items` VALUES (317, 277116610, 113, 20);
INSERT INTO `out_items` VALUES (318, 215489299, 133, 34);
INSERT INTO `out_items` VALUES (319, 279752700, 153, 26);
INSERT INTO `out_items` VALUES (320, 292947655, 172, 25);
INSERT INTO `out_items` VALUES (321, 220198079, 128, 26);
INSERT INTO `out_items` VALUES (322, 273236587, 170, 8);
INSERT INTO `out_items` VALUES (323, 279530975, 76, 3);
INSERT INTO `out_items` VALUES (324, 228086359, 175, 6);
INSERT INTO `out_items` VALUES (325, 245729771, 106, 44);
INSERT INTO `out_items` VALUES (326, 215489299, 35, 17);
INSERT INTO `out_items` VALUES (327, 220198079, 17, 41);
INSERT INTO `out_items` VALUES (328, 218317273, 62, 32);
INSERT INTO `out_items` VALUES (329, 220027366, 196, 46);
INSERT INTO `out_items` VALUES (330, 241261675, 63, 18);
INSERT INTO `out_items` VALUES (331, 285695292, 65, 49);
INSERT INTO `out_items` VALUES (332, 243525531, 189, 32);
INSERT INTO `out_items` VALUES (333, 221356591, 139, 2);
INSERT INTO `out_items` VALUES (334, 215489299, 80, 32);
INSERT INTO `out_items` VALUES (335, 294076993, 12, 25);
INSERT INTO `out_items` VALUES (336, 241261675, 189, 7);
INSERT INTO `out_items` VALUES (337, 218317273, 28, 7);
INSERT INTO `out_items` VALUES (338, 268339695, 50, 44);
INSERT INTO `out_items` VALUES (339, 215489299, 98, 22);
INSERT INTO `out_items` VALUES (340, 220027366, 116, 7);
INSERT INTO `out_items` VALUES (341, 262275210, 164, 49);
INSERT INTO `out_items` VALUES (342, 279530975, 154, 23);
INSERT INTO `out_items` VALUES (343, 245526529, 139, 20);
INSERT INTO `out_items` VALUES (344, 280198326, 26, 45);
INSERT INTO `out_items` VALUES (345, 221356591, 192, 18);
INSERT INTO `out_items` VALUES (346, 294645627, 62, 46);
INSERT INTO `out_items` VALUES (347, 242103308, 40, 43);
INSERT INTO `out_items` VALUES (348, 238160105, 35, 13);
INSERT INTO `out_items` VALUES (349, 258638968, 191, 35);
INSERT INTO `out_items` VALUES (350, 242525710, 110, 11);
INSERT INTO `out_items` VALUES (351, 271607038, 99, 48);
INSERT INTO `out_items` VALUES (352, 234511023, 131, 9);
INSERT INTO `out_items` VALUES (353, 274766054, 57, 22);
INSERT INTO `out_items` VALUES (354, 230952068, 72, 33);
INSERT INTO `out_items` VALUES (355, 243844712, 36, 35);
INSERT INTO `out_items` VALUES (356, 271711822, 170, 10);
INSERT INTO `out_items` VALUES (357, 228385689, 55, 32);
INSERT INTO `out_items` VALUES (358, 237272321, 37, 10);
INSERT INTO `out_items` VALUES (359, 274766054, 66, 25);
INSERT INTO `out_items` VALUES (360, 246832628, 195, 43);
INSERT INTO `out_items` VALUES (361, 271711822, 199, 45);
INSERT INTO `out_items` VALUES (362, 294076993, 96, 43);
INSERT INTO `out_items` VALUES (363, 276613963, 75, 25);
INSERT INTO `out_items` VALUES (364, 271607038, 82, 36);
INSERT INTO `out_items` VALUES (365, 290240119, 23, 47);
INSERT INTO `out_items` VALUES (366, 263790087, 195, 34);
INSERT INTO `out_items` VALUES (367, 272390106, 102, 33);
INSERT INTO `out_items` VALUES (368, 292407362, 124, 42);
INSERT INTO `out_items` VALUES (369, 274773624, 115, 22);
INSERT INTO `out_items` VALUES (370, 268339695, 119, 6);
INSERT INTO `out_items` VALUES (371, 293629035, 173, 13);
INSERT INTO `out_items` VALUES (372, 227263377, 176, 25);
INSERT INTO `out_items` VALUES (373, 272390106, 158, 41);
INSERT INTO `out_items` VALUES (374, 295303194, 163, 44);
INSERT INTO `out_items` VALUES (375, 258638968, 176, 30);
INSERT INTO `out_items` VALUES (376, 243844712, 50, 2);
INSERT INTO `out_items` VALUES (377, 230285399, 177, 10);
INSERT INTO `out_items` VALUES (378, 264014510, 152, 1);
INSERT INTO `out_items` VALUES (379, 235848122, 87, 38);
INSERT INTO `out_items` VALUES (380, 233386889, 19, 44);
INSERT INTO `out_items` VALUES (381, 249524697, 127, 41);
INSERT INTO `out_items` VALUES (382, 259319838, 169, 19);
INSERT INTO `out_items` VALUES (383, 218317273, 29, 38);
INSERT INTO `out_items` VALUES (384, 237633852, 103, 15);
INSERT INTO `out_items` VALUES (385, 262275210, 127, 9);
INSERT INTO `out_items` VALUES (386, 242026661, 149, 22);
INSERT INTO `out_items` VALUES (387, 276934910, 46, 12);
INSERT INTO `out_items` VALUES (388, 273236587, 163, 23);
INSERT INTO `out_items` VALUES (389, 234446615, 103, 24);
INSERT INTO `out_items` VALUES (390, 285958201, 61, 47);
INSERT INTO `out_items` VALUES (391, 275328218, 199, 18);
INSERT INTO `out_items` VALUES (392, 216643111, 158, 16);
INSERT INTO `out_items` VALUES (393, 274773624, 45, 17);
INSERT INTO `out_items` VALUES (394, 254175696, 160, 9);
INSERT INTO `out_items` VALUES (395, 237272321, 119, 11);
INSERT INTO `out_items` VALUES (396, 278929382, 10, 49);
INSERT INTO `out_items` VALUES (397, 292407362, 106, 12);
INSERT INTO `out_items` VALUES (398, 283398158, 83, 38);
INSERT INTO `out_items` VALUES (399, 274766054, 198, 26);
INSERT INTO `out_items` VALUES (400, 228385689, 141, 17);
INSERT INTO `out_items` VALUES (401, 236856613, 16, 4);
INSERT INTO `out_items` VALUES (402, 228385689, 25, 47);
INSERT INTO `out_items` VALUES (403, 243844712, 128, 22);
INSERT INTO `out_items` VALUES (404, 239946381, 155, 49);
INSERT INTO `out_items` VALUES (405, 242281487, 136, 38);
INSERT INTO `out_items` VALUES (406, 246832628, 139, 37);
INSERT INTO `out_items` VALUES (407, 242281487, 80, 48);
INSERT INTO `out_items` VALUES (408, 235319991, 106, 15);
INSERT INTO `out_items` VALUES (409, 239946381, 23, 33);
INSERT INTO `out_items` VALUES (410, 228249256, 149, 11);
INSERT INTO `out_items` VALUES (411, 276613963, 200, 26);
INSERT INTO `out_items` VALUES (412, 276268616, 104, 29);
INSERT INTO `out_items` VALUES (413, 233386889, 52, 37);
INSERT INTO `out_items` VALUES (414, 235848122, 2, 2);
INSERT INTO `out_items` VALUES (415, 228385689, 144, 36);
INSERT INTO `out_items` VALUES (416, 258638968, 48, 41);
INSERT INTO `out_items` VALUES (417, 234749524, 80, 42);
INSERT INTO `out_items` VALUES (418, 275328218, 4, 42);
INSERT INTO `out_items` VALUES (419, 211276854, 189, 26);
INSERT INTO `out_items` VALUES (420, 271607038, 149, 5);
INSERT INTO `out_items` VALUES (421, 237633852, 96, 50);
INSERT INTO `out_items` VALUES (422, 246604265, 26, 39);
INSERT INTO `out_items` VALUES (423, 276613963, 146, 36);
INSERT INTO `out_items` VALUES (424, 229103454, 82, 42);
INSERT INTO `out_items` VALUES (425, 236856613, 39, 34);
INSERT INTO `out_items` VALUES (426, 240559574, 171, 21);
INSERT INTO `out_items` VALUES (427, 277116610, 80, 26);
INSERT INTO `out_items` VALUES (428, 274773624, 86, 50);
INSERT INTO `out_items` VALUES (429, 225064918, 117, 42);
INSERT INTO `out_items` VALUES (430, 299948347, 12, 22);
INSERT INTO `out_items` VALUES (431, 290598027, 189, 38);
INSERT INTO `out_items` VALUES (432, 245526529, 116, 50);
INSERT INTO `out_items` VALUES (433, 235319991, 107, 22);
INSERT INTO `out_items` VALUES (434, 245349055, 138, 3);
INSERT INTO `out_items` VALUES (435, 236856613, 12, 42);
INSERT INTO `out_items` VALUES (436, 277116610, 173, 19);
INSERT INTO `out_items` VALUES (437, 283398158, 181, 33);
INSERT INTO `out_items` VALUES (438, 220474014, 197, 8);
INSERT INTO `out_items` VALUES (439, 236951842, 173, 30);
INSERT INTO `out_items` VALUES (440, 240559574, 128, 25);
INSERT INTO `out_items` VALUES (441, 211276854, 120, 49);
INSERT INTO `out_items` VALUES (442, 252059751, 17, 7);
INSERT INTO `out_items` VALUES (443, 240559574, 19, 16);
INSERT INTO `out_items` VALUES (444, 261684070, 55, 44);
INSERT INTO `out_items` VALUES (445, 230952068, 171, 2);
INSERT INTO `out_items` VALUES (446, 214253305, 64, 48);
INSERT INTO `out_items` VALUES (447, 274773624, 78, 17);
INSERT INTO `out_items` VALUES (448, 249524697, 70, 42);
INSERT INTO `out_items` VALUES (449, 266407206, 174, 37);
INSERT INTO `out_items` VALUES (450, 225064918, 85, 12);
INSERT INTO `out_items` VALUES (451, 262275210, 78, 50);
INSERT INTO `out_items` VALUES (452, 218317273, 186, 32);
INSERT INTO `out_items` VALUES (453, 246832628, 198, 13);
INSERT INTO `out_items` VALUES (454, 281939115, 123, 46);
INSERT INTO `out_items` VALUES (455, 250526170, 41, 39);
INSERT INTO `out_items` VALUES (456, 245729771, 26, 32);
INSERT INTO `out_items` VALUES (457, 239946381, 21, 31);
INSERT INTO `out_items` VALUES (458, 252059751, 56, 37);
INSERT INTO `out_items` VALUES (459, 235319991, 184, 29);
INSERT INTO `out_items` VALUES (460, 234749524, 28, 25);
INSERT INTO `out_items` VALUES (461, 245349055, 100, 38);
INSERT INTO `out_items` VALUES (462, 228249256, 15, 33);
INSERT INTO `out_items` VALUES (463, 211099847, 43, 37);
INSERT INTO `out_items` VALUES (464, 254175696, 144, 5);
INSERT INTO `out_items` VALUES (465, 272390106, 74, 7);
INSERT INTO `out_items` VALUES (466, 290598027, 153, 38);
INSERT INTO `out_items` VALUES (467, 235319991, 106, 47);
INSERT INTO `out_items` VALUES (468, 292407362, 101, 36);
INSERT INTO `out_items` VALUES (469, 280198326, 148, 30);
INSERT INTO `out_items` VALUES (470, 285215946, 12, 21);
INSERT INTO `out_items` VALUES (471, 273236587, 159, 3);
INSERT INTO `out_items` VALUES (472, 235848122, 30, 28);
INSERT INTO `out_items` VALUES (473, 214253305, 2, 10);
INSERT INTO `out_items` VALUES (474, 253921485, 184, 7);
INSERT INTO `out_items` VALUES (475, 235848122, 137, 6);
INSERT INTO `out_items` VALUES (476, 274773624, 174, 18);
INSERT INTO `out_items` VALUES (477, 276268616, 58, 10);
INSERT INTO `out_items` VALUES (478, 236951842, 54, 15);
INSERT INTO `out_items` VALUES (479, 228249256, 131, 25);
INSERT INTO `out_items` VALUES (480, 262275210, 151, 33);
INSERT INTO `out_items` VALUES (481, 221356591, 65, 8);
INSERT INTO `out_items` VALUES (482, 242281487, 143, 14);
INSERT INTO `out_items` VALUES (483, 249524697, 3, 10);
INSERT INTO `out_items` VALUES (484, 243525531, 92, 31);
INSERT INTO `out_items` VALUES (485, 294645627, 51, 7);
INSERT INTO `out_items` VALUES (486, 277116610, 23, 28);
INSERT INTO `out_items` VALUES (487, 211099847, 37, 40);
INSERT INTO `out_items` VALUES (488, 254175696, 20, 33);
INSERT INTO `out_items` VALUES (489, 285958201, 78, 3);
INSERT INTO `out_items` VALUES (490, 268339695, 152, 39);
INSERT INTO `out_items` VALUES (491, 276268616, 29, 28);
INSERT INTO `out_items` VALUES (492, 211099847, 131, 9);
INSERT INTO `out_items` VALUES (493, 276934910, 128, 24);
INSERT INTO `out_items` VALUES (494, 292407362, 154, 48);
INSERT INTO `out_items` VALUES (495, 242281487, 43, 20);
INSERT INTO `out_items` VALUES (496, 211276854, 183, 44);
INSERT INTO `out_items` VALUES (497, 246604265, 45, 3);
INSERT INTO `out_items` VALUES (498, 249524697, 117, 34);
INSERT INTO `out_items` VALUES (499, 294076993, 14, 14);
INSERT INTO `out_items` VALUES (500, 290240119, 35, 34);

-- ----------------------------
-- Table structure for out_store
-- ----------------------------
DROP TABLE IF EXISTS `out_store`;
CREATE TABLE `out_store`  (
  `order_id` int NOT NULL COMMENT '订单ID',
  `user_id` int NOT NULL COMMENT '用户ID',
  `yg_id` int NOT NULL COMMENT '管理员ID',
  `order_time` datetime NOT NULL DEFAULT CURRENT_TIMESTAMP COMMENT '订单时间',
  `order_status` tinyint(1) NOT NULL DEFAULT 0 COMMENT '订单状态 0未出库 1已出库',
  `order_description` varchar(100) CHARACTER SET utf8mb4 COLLATE utf8mb4_0900_ai_ci NULL DEFAULT NULL COMMENT '订单备注',
  `handle_time` datetime NULL DEFAULT NULL COMMENT '处理时间',
  `handle_yg_id` int NULL DEFAULT NULL COMMENT '处理员工ID',
  PRIMARY KEY (`order_id`) USING BTREE,
  INDEX `idx_user_id`(`user_id` ASC) USING BTREE,
  INDEX `yg_id`(`yg_id` ASC) USING BTREE,
  INDEX `handle_yg_id`(`handle_yg_id` ASC) USING BTREE,
  INDEX `idx_out_store_status`(`order_status` ASC) USING BTREE,
  INDEX `idx_out_store_handle_time`(`handle_time` ASC) USING BTREE,
  CONSTRAINT `out_store_ibfk_1` FOREIGN KEY (`yg_id`) REFERENCES `yg` (`yg_id`) ON DELETE RESTRICT ON UPDATE RESTRICT,
  CONSTRAINT `out_store_ibfk_2` FOREIGN KEY (`handle_yg_id`) REFERENCES `yg` (`yg_id`) ON DELETE RESTRICT ON UPDATE RESTRICT
) ENGINE = InnoDB CHARACTER SET = utf8mb4 COLLATE = utf8mb4_0900_ai_ci ROW_FORMAT = DYNAMIC;

-- ----------------------------
-- Records of out_store
-- ----------------------------
INSERT INTO `out_store` VALUES (211099847, 10, 1, '2024-08-21 19:46:53', 0, '出库单描述 99', NULL, NULL);
INSERT INTO `out_store` VALUES (211276854, 9, 2, '2024-08-22 19:46:53', 0, '出库单描述 10', NULL, NULL);
INSERT INTO `out_store` VALUES (214253305, 3, 15, '2024-09-07 19:46:53', 0, '出库单描述 34', NULL, NULL);
INSERT INTO `out_store` VALUES (215032043, 19, 12, '2024-09-03 19:46:53', 1, '出库单描述 38', '2024-09-14 19:46:53', 5);
INSERT INTO `out_store` VALUES (215489299, 19, 12, '2024-08-18 19:46:53', 1, '出库单描述 52', '2024-09-14 19:46:53', 18);
INSERT INTO `out_store` VALUES (216643111, 17, 4, '2024-09-04 19:46:53', 0, '出库单描述 42', NULL, NULL);
INSERT INTO `out_store` VALUES (218317273, 13, 13, '2024-08-30 19:46:53', 1, '出库单描述 95', '2024-09-14 19:46:53', 8);
INSERT INTO `out_store` VALUES (220027366, 4, 14, '2024-08-29 19:46:53', 0, '出库单描述 58', NULL, NULL);
INSERT INTO `out_store` VALUES (220198079, 4, 15, '2024-08-30 19:46:53', 1, '出库单描述 33', '2024-09-14 19:46:53', 20);
INSERT INTO `out_store` VALUES (220474014, 13, 15, '2024-09-03 19:46:53', 1, '出库单描述 26', '2024-09-14 19:46:53', 1);
INSERT INTO `out_store` VALUES (220837543, 17, 6, '2024-09-13 19:46:53', 0, '出库单描述 45', NULL, NULL);
INSERT INTO `out_store` VALUES (221356591, 4, 13, '2024-09-04 19:46:53', 0, '出库单描述 44', NULL, NULL);
INSERT INTO `out_store` VALUES (221531449, 14, 3, '2024-09-01 19:46:53', 0, '出库单描述 86', NULL, NULL);
INSERT INTO `out_store` VALUES (222403305, 17, 16, '2024-09-10 19:46:53', 0, '出库单描述 36', NULL, NULL);
INSERT INTO `out_store` VALUES (225064918, 16, 14, '2024-09-09 19:46:53', 0, '出库单描述 41', NULL, NULL);
INSERT INTO `out_store` VALUES (227263377, 14, 20, '2024-08-23 19:46:53', 0, '出库单描述 7', NULL, NULL);
INSERT INTO `out_store` VALUES (228056348, 10, 5, '2024-08-19 19:46:53', 1, '出库单描述 77', '2024-09-14 19:46:53', 20);
INSERT INTO `out_store` VALUES (228086359, 11, 4, '2024-08-21 19:46:53', 0, '出库单描述 22', NULL, NULL);
INSERT INTO `out_store` VALUES (228249256, 19, 14, '2024-09-04 19:46:53', 0, '出库单描述 17', NULL, NULL);
INSERT INTO `out_store` VALUES (228385689, 8, 18, '2024-08-15 19:46:53', 0, '出库单描述 39', NULL, NULL);
INSERT INTO `out_store` VALUES (229103454, 20, 3, '2024-08-29 19:46:53', 1, '出库单描述 66', '2024-09-14 19:46:53', 1);
INSERT INTO `out_store` VALUES (230285399, 17, 8, '2024-09-06 19:46:53', 1, '出库单描述 84', '2024-09-14 19:46:53', 19);
INSERT INTO `out_store` VALUES (230952068, 9, 12, '2024-08-30 19:46:53', 0, '出库单描述 100', NULL, NULL);
INSERT INTO `out_store` VALUES (233386889, 10, 16, '2024-08-19 19:46:53', 1, '出库单描述 82', '2024-09-14 19:46:53', 16);
INSERT INTO `out_store` VALUES (234446615, 10, 17, '2024-09-08 19:46:53', 0, '出库单描述 9', NULL, NULL);
INSERT INTO `out_store` VALUES (234511023, 19, 3, '2024-09-05 19:46:53', 0, '出库单描述 31', NULL, NULL);
INSERT INTO `out_store` VALUES (234749524, 19, 10, '2024-08-22 19:46:53', 0, '出库单描述 47', NULL, NULL);
INSERT INTO `out_store` VALUES (235319991, 8, 20, '2024-08-28 19:46:53', 1, '出库单描述 8', '2024-09-14 19:46:53', 3);
INSERT INTO `out_store` VALUES (235848122, 13, 8, '2024-08-29 19:46:53', 1, '出库单描述 25', '2024-09-14 19:46:53', 10);
INSERT INTO `out_store` VALUES (236856613, 2, 1, '2024-09-05 19:46:53', 1, '出库单描述 55', '2024-09-14 19:46:53', 4);
INSERT INTO `out_store` VALUES (236951842, 4, 14, '2024-08-23 19:46:53', 1, '出库单描述 21', '2024-09-14 19:46:53', 15);
INSERT INTO `out_store` VALUES (237272321, 10, 18, '2024-08-28 19:46:53', 0, '出库单描述 13', NULL, NULL);
INSERT INTO `out_store` VALUES (237633852, 2, 5, '2024-09-06 19:46:53', 0, '出库单描述 23', NULL, NULL);
INSERT INTO `out_store` VALUES (238160105, 14, 4, '2024-09-07 19:46:53', 1, '出库单描述 18', '2024-09-14 19:46:53', 2);
INSERT INTO `out_store` VALUES (239946381, 11, 8, '2024-08-31 19:46:53', 0, '出库单描述 46', NULL, NULL);
INSERT INTO `out_store` VALUES (240559574, 8, 6, '2024-09-07 19:46:53', 0, '出库单描述 83', NULL, NULL);
INSERT INTO `out_store` VALUES (241261675, 13, 17, '2024-08-28 19:46:53', 0, '出库单描述 27', NULL, NULL);
INSERT INTO `out_store` VALUES (242026661, 1, 14, '2024-09-13 19:46:53', 0, '出库单描述 54', NULL, NULL);
INSERT INTO `out_store` VALUES (242103308, 20, 3, '2024-08-27 19:46:53', 1, '出库单描述 80', '2024-09-14 19:46:53', 2);
INSERT INTO `out_store` VALUES (242281487, 11, 18, '2024-08-16 19:46:53', 1, '出库单描述 35', '2024-09-14 19:46:53', 4);
INSERT INTO `out_store` VALUES (242525710, 9, 6, '2024-09-06 19:46:53', 0, '出库单描述 68', NULL, NULL);
INSERT INTO `out_store` VALUES (243525531, 10, 10, '2024-09-10 19:46:53', 1, '出库单描述 2', '2024-09-14 19:46:53', 10);
INSERT INTO `out_store` VALUES (243844712, 3, 6, '2024-08-20 19:46:53', 1, '出库单描述 59', '2024-09-14 19:46:53', 4);
INSERT INTO `out_store` VALUES (245349055, 2, 12, '2024-08-30 19:46:53', 1, '出库单描述 63', '2024-09-14 19:46:53', 20);
INSERT INTO `out_store` VALUES (245526529, 19, 20, '2024-09-12 19:46:53', 1, '出库单描述 28', '2024-09-14 19:46:53', 11);
INSERT INTO `out_store` VALUES (245729771, 14, 12, '2024-08-24 19:46:53', 0, '出库单描述 43', NULL, NULL);
INSERT INTO `out_store` VALUES (246604265, 16, 2, '2024-09-05 19:46:53', 1, '出库单描述 74', '2024-09-14 19:46:53', 20);
INSERT INTO `out_store` VALUES (246699433, 3, 14, '2024-09-05 19:46:53', 1, '出库单描述 16', '2024-09-14 19:46:53', 5);
INSERT INTO `out_store` VALUES (246832628, 6, 5, '2024-09-10 19:46:53', 0, '出库单描述 69', NULL, NULL);
INSERT INTO `out_store` VALUES (248825048, 11, 4, '2024-08-22 19:46:53', 1, '出库单描述 57', '2024-09-14 19:46:53', 6);
INSERT INTO `out_store` VALUES (249524697, 6, 11, '2024-08-24 19:46:53', 0, '出库单描述 24', NULL, NULL);
INSERT INTO `out_store` VALUES (249851774, 18, 5, '2024-09-05 19:46:53', 0, '出库单描述 81', NULL, NULL);
INSERT INTO `out_store` VALUES (250526170, 10, 12, '2024-09-07 19:46:53', 0, '出库单描述 97', NULL, NULL);
INSERT INTO `out_store` VALUES (252059751, 15, 8, '2024-09-01 19:46:53', 0, '出库单描述 51', NULL, NULL);
INSERT INTO `out_store` VALUES (253921485, 6, 19, '2024-08-22 19:46:53', 1, '出库单描述 78', '2024-09-14 19:46:53', 6);
INSERT INTO `out_store` VALUES (254175696, 3, 6, '2024-08-25 19:46:53', 1, '出库单描述 53', '2024-09-14 19:46:53', 14);
INSERT INTO `out_store` VALUES (255422059, 15, 2, '2024-08-29 19:46:53', 1, '出库单描述 30', '2024-09-14 19:46:53', 7);
INSERT INTO `out_store` VALUES (258638968, 10, 9, '2024-09-12 19:46:53', 0, '出库单描述 49', NULL, NULL);
INSERT INTO `out_store` VALUES (259319838, 10, 13, '2024-08-23 19:46:53', 0, '出库单描述 19', NULL, NULL);
INSERT INTO `out_store` VALUES (261684070, 6, 12, '2024-08-26 19:46:53', 1, '出库单描述 85', '2024-09-14 19:46:53', 18);
INSERT INTO `out_store` VALUES (262275210, 13, 16, '2024-09-08 19:46:53', 0, '出库单描述 5', NULL, NULL);
INSERT INTO `out_store` VALUES (263790087, 10, 20, '2024-08-23 19:46:53', 1, '出库单描述 65', '2024-09-14 19:46:53', 16);
INSERT INTO `out_store` VALUES (264014510, 20, 9, '2024-08-17 19:46:53', 1, '出库单描述 15', '2024-09-14 19:46:53', 17);
INSERT INTO `out_store` VALUES (266407206, 1, 3, '2024-08-15 19:46:53', 0, '出库单描述 3', NULL, NULL);
INSERT INTO `out_store` VALUES (268339695, 10, 9, '2024-08-18 19:46:53', 0, '出库单描述 50', NULL, NULL);
INSERT INTO `out_store` VALUES (271607038, 16, 14, '2024-08-20 19:46:53', 0, '出库单描述 64', NULL, NULL);
INSERT INTO `out_store` VALUES (271711822, 11, 11, '2024-09-12 19:46:53', 0, '出库单描述 37', NULL, NULL);
INSERT INTO `out_store` VALUES (272390106, 4, 10, '2024-08-26 19:46:53', 1, '出库单描述 75', '2024-09-14 19:46:53', 19);
INSERT INTO `out_store` VALUES (273236587, 1, 13, '2024-08-28 19:46:53', 0, '出库单描述 48', NULL, NULL);
INSERT INTO `out_store` VALUES (273559633, 4, 5, '2024-08-31 19:46:53', 1, '出库单描述 94', '2024-09-14 19:46:53', 8);
INSERT INTO `out_store` VALUES (274766054, 12, 8, '2024-08-30 19:46:53', 1, '出库单描述 40', '2024-09-14 19:46:53', 15);
INSERT INTO `out_store` VALUES (274773624, 10, 8, '2024-08-29 19:46:53', 0, '出库单描述 89', NULL, NULL);
INSERT INTO `out_store` VALUES (275328218, 2, 15, '2024-09-03 19:46:53', 0, '出库单描述 6', NULL, NULL);
INSERT INTO `out_store` VALUES (275938195, 8, 15, '2024-09-03 19:46:53', 1, '出库单描述 96', '2024-09-14 19:46:53', 16);
INSERT INTO `out_store` VALUES (276268616, 18, 18, '2024-08-19 19:46:53', 1, '出库单描述 91', '2024-09-14 19:46:53', 2);
INSERT INTO `out_store` VALUES (276613963, 8, 8, '2024-09-01 19:46:53', 1, '出库单描述 98', '2024-09-14 19:46:53', 18);
INSERT INTO `out_store` VALUES (276934910, 1, 12, '2024-09-01 19:46:53', 1, '出库单描述 88', '2024-09-14 19:46:53', 17);
INSERT INTO `out_store` VALUES (277116610, 2, 16, '2024-08-15 19:46:53', 1, '出库单描述 1', '2024-09-14 19:46:53', 9);
INSERT INTO `out_store` VALUES (278929382, 6, 9, '2024-09-01 19:46:53', 1, '出库单描述 32', '2024-09-14 19:46:53', 7);
INSERT INTO `out_store` VALUES (279530975, 3, 13, '2024-08-17 19:46:53', 1, '出库单描述 60', '2024-09-14 19:46:53', 11);
INSERT INTO `out_store` VALUES (279531897, 14, 19, '2024-08-22 19:46:53', 0, '出库单描述 93', NULL, NULL);
INSERT INTO `out_store` VALUES (279752700, 7, 12, '2024-08-18 19:46:53', 1, '出库单描述 71', '2024-09-14 19:46:53', 2);
INSERT INTO `out_store` VALUES (280198326, 8, 12, '2024-08-15 19:46:53', 1, '出库单描述 87', '2024-09-14 19:46:53', 13);
INSERT INTO `out_store` VALUES (280835223, 13, 4, '2024-08-26 19:46:53', 0, '出库单描述 12', NULL, NULL);
INSERT INTO `out_store` VALUES (281939115, 15, 9, '2024-08-29 19:46:53', 0, '出库单描述 61', NULL, NULL);
INSERT INTO `out_store` VALUES (283398158, 16, 11, '2024-08-27 19:46:53', 1, '出库单描述 11', '2024-09-14 19:46:53', 1);
INSERT INTO `out_store` VALUES (285215946, 1, 2, '2024-09-13 19:46:53', 0, '出库单描述 4', NULL, NULL);
INSERT INTO `out_store` VALUES (285695292, 13, 16, '2024-08-19 19:46:53', 0, '出库单描述 92', NULL, NULL);
INSERT INTO `out_store` VALUES (285958201, 14, 2, '2024-08-24 19:46:53', 1, '出库单描述 76', '2024-09-14 19:46:53', 9);
INSERT INTO `out_store` VALUES (290240119, 7, 19, '2024-09-03 19:46:53', 0, '出库单描述 29', NULL, NULL);
INSERT INTO `out_store` VALUES (290598027, 12, 19, '2024-09-11 19:46:53', 0, '出库单描述 56', NULL, NULL);
INSERT INTO `out_store` VALUES (292407362, 17, 20, '2024-09-11 19:46:53', 1, '出库单描述 67', '2024-09-14 19:46:53', 13);
INSERT INTO `out_store` VALUES (292947655, 14, 11, '2024-09-07 19:46:53', 1, '出库单描述 79', '2024-09-14 19:46:53', 12);
INSERT INTO `out_store` VALUES (293629035, 8, 12, '2024-09-10 19:46:53', 1, '出库单描述 62', '2024-09-14 19:46:53', 10);
INSERT INTO `out_store` VALUES (294076993, 10, 5, '2024-08-18 19:46:53', 1, '出库单描述 73', '2024-09-14 19:46:53', 14);
INSERT INTO `out_store` VALUES (294645627, 1, 13, '2024-08-21 19:46:53', 0, '出库单描述 70', NULL, NULL);
INSERT INTO `out_store` VALUES (295221662, 14, 12, '2024-08-18 19:46:53', 0, '出库单描述 20', NULL, NULL);
INSERT INTO `out_store` VALUES (295303194, 17, 4, '2024-08-16 19:46:53', 0, '出库单描述 90', NULL, NULL);
INSERT INTO `out_store` VALUES (297234647, 20, 19, '2024-08-20 19:46:53', 1, '出库单描述 14', '2024-09-14 19:46:53', 11);
INSERT INTO `out_store` VALUES (299948347, 9, 1, '2024-09-07 19:46:53', 0, '出库单描述 72', NULL, NULL);

-- ----------------------------
-- Table structure for product
-- ----------------------------
DROP TABLE IF EXISTS `product`;
CREATE TABLE `product`  (
  `product_id` int NOT NULL AUTO_INCREMENT COMMENT '商品ID',
  `product_name` varchar(100) CHARACTER SET utf8mb4 COLLATE utf8mb4_0900_ai_ci NOT NULL COMMENT '商品名',
  `product_num` int NOT NULL DEFAULT 0 COMMENT '商品数量',
  `product_updatetime` datetime NOT NULL DEFAULT CURRENT_TIMESTAMP COMMENT '商品更新时间',
  `product_lownum` int NOT NULL COMMENT '商品最低数量',
  `product_description` varchar(100) CHARACTER SET utf8mb4 COLLATE utf8mb4_0900_ai_ci NOT NULL COMMENT '商品描述',
  `product_status` int NOT NULL DEFAULT 1 COMMENT '商品状态',
  `yg_id` int NOT NULL COMMENT '管理员ID',
  PRIMARY KEY (`product_id`) USING BTREE,
  UNIQUE INDEX `product_name`(`product_name` ASC) USING BTREE,
  INDEX `yg_id`(`yg_id` ASC) USING BTREE,
  INDEX `idx_product_status`(`product_status` ASC) USING BTREE,
  CONSTRAINT `product_ibfk_1` FOREIGN KEY (`yg_id`) REFERENCES `yg` (`yg_id`) ON DELETE RESTRICT ON UPDATE RESTRICT
) ENGINE = InnoDB AUTO_INCREMENT = 101 CHARACTER SET = utf8mb4 COLLATE = utf8mb4_0900_ai_ci ROW_FORMAT = DYNAMIC;

-- ----------------------------
-- Records of product
-- ----------------------------
INSERT INTO `product` VALUES (1, '意大利面', 21, '2024-09-14 19:19:07', 20, '经典的意大利面食，通常配有多种酱料。', 1, 15);
INSERT INTO `product` VALUES (2, '芝士汉堡', 96, '2024-09-14 19:19:07', 20, '多汁的牛肉饼与融化的芝士夹在面包中。', 1, 2);
INSERT INTO `product` VALUES (3, '寿司', 53, '2024-09-14 19:19:07', 20, '日本传统食品，米饭与生鱼片组合而成。', 1, 18);
INSERT INTO `product` VALUES (4, '牛肉干', 27, '2024-09-14 19:19:07', 20, '用牛肉风干制成的咸味零食。', 1, 8);
INSERT INTO `product` VALUES (5, '巧克力饼干', 77, '2024-09-14 19:19:07', 20, '甜美的巧克力味饼干，适合配茶。', 1, 4);
INSERT INTO `product` VALUES (6, '炸薯条', 40, '2024-09-14 19:19:07', 20, '切条的土豆炸至金黄酥脆。', 1, 3);
INSERT INTO `product` VALUES (7, '煎饼', 57, '2024-09-14 19:19:07', 20, '一种薄饼，可加入各种配料。', 1, 2);
INSERT INTO `product` VALUES (8, '牛奶巧克力', 31, '2024-09-14 19:19:07', 20, '甜美的巧克力，含有丰富的牛奶成分。', 1, 4);
INSERT INTO `product` VALUES (9, '酸奶', 10, '2024-09-14 19:19:07', 20, '发酵奶制品，含有益生菌。', 1, 15);
INSERT INTO `product` VALUES (10, '炸鸡翅', 95, '2024-09-14 19:19:07', 20, '外脆内嫩的炸鸡翅，常见于快餐店。', 1, 9);
INSERT INTO `product` VALUES (11, '水果沙拉', 71, '2024-09-14 19:19:07', 20, '由新鲜水果混合而成的清爽沙拉。', 1, 18);
INSERT INTO `product` VALUES (12, '蛋糕', 36, '2024-09-14 19:19:07', 20, '甜美的烘焙食品，适合各种庆祝场合。', 1, 3);
INSERT INTO `product` VALUES (13, '冰淇淋', 59, '2024-09-14 19:19:07', 20, '冷冻甜点，口味多样。', 1, 4);
INSERT INTO `product` VALUES (14, '热狗', 47, '2024-09-14 19:19:07', 20, '香肠夹在面包中，是经典的快餐食品。', 1, 3);
INSERT INTO `product` VALUES (15, '包子', 26, '2024-09-14 19:19:07', 20, '发面包裹各种馅料，通常蒸熟食用。', 1, 17);
INSERT INTO `product` VALUES (16, '饺子', 20, '2024-09-14 19:19:07', 20, '面皮包裹肉或素馅，常见于中式餐馆。', 1, 12);
INSERT INTO `product` VALUES (17, '米饭', 87, '2024-09-14 19:19:07', 20, '基本主食，用水煮熟的稻米。', 1, 6);
INSERT INTO `product` VALUES (18, '面条', 66, '2024-09-14 19:19:07', 20, '用面粉制成的长条状食品，通常煮熟食用。', 1, 13);
INSERT INTO `product` VALUES (19, '豆腐', 88, '2024-09-14 19:19:07', 20, '由大豆制成的食品，常用于素食料理。', 1, 15);
INSERT INTO `product` VALUES (20, '面包', 81, '2024-09-14 19:19:07', 20, '用面粉、酵母和水制成的基础食品。', 1, 7);
INSERT INTO `product` VALUES (21, '奶酪', 56, '2024-09-14 19:19:07', 20, '由牛奶发酵制成的奶制品，口味丰富。', 1, 18);
INSERT INTO `product` VALUES (22, '奶昔', 14, '2024-09-14 19:19:07', 20, '由牛奶和冰淇淋混合制成的饮品。', 1, 11);
INSERT INTO `product` VALUES (23, '牛肉饼', 50, '2024-09-14 19:19:07', 20, '用牛肉制成的圆形肉饼，常用于汉堡中。', 1, 4);
INSERT INTO `product` VALUES (24, '蔬菜汤', 79, '2024-09-14 19:19:07', 20, '由各种蔬菜煮制的清淡汤品。', 1, 8);
INSERT INTO `product` VALUES (25, '巧克力蛋糕', 94, '2024-09-14 19:19:07', 20, '以巧克力为主要原料的蛋糕。', 1, 20);
INSERT INTO `product` VALUES (26, '咖啡', 16, '2024-09-14 19:19:07', 20, '用咖啡豆制成的饮料，含有咖啡因。', 1, 12);
INSERT INTO `product` VALUES (27, '热巧克力', 42, '2024-09-14 19:19:07', 20, '用可可粉和牛奶制成的热饮。', 1, 2);
INSERT INTO `product` VALUES (28, '葡萄干', 80, '2024-09-14 19:19:07', 20, '干燥的葡萄，口感甜美。', 1, 7);
INSERT INTO `product` VALUES (29, '煎饼果子', 70, '2024-09-14 19:19:07', 20, '传统的中国街头小吃，薄饼夹各种配料。', 1, 3);
INSERT INTO `product` VALUES (30, '麻辣火锅', 47, '2024-09-14 19:19:07', 20, '辛辣的火锅底料，配有各种涮菜。', 1, 13);
INSERT INTO `product` VALUES (31, '羊肉串', 72, '2024-09-14 19:19:07', 20, '烤制的羊肉串，味道香辣。', 1, 9);
INSERT INTO `product` VALUES (32, '炸虾', 37, '2024-09-14 19:19:07', 20, '用面粉裹住的虾，油炸至金黄。', 1, 19);
INSERT INTO `product` VALUES (33, '炒饭', 84, '2024-09-14 19:19:07', 20, '用米饭炒制的美味主食，配料丰富。', 1, 7);
INSERT INTO `product` VALUES (34, '面筋', 11, '2024-09-14 19:19:07', 20, '由小麦面粉制成的食品，口感独特。', 1, 16);
INSERT INTO `product` VALUES (35, '果仁', 91, '2024-09-14 19:19:07', 20, '各种坚果，适合作为零食。', 1, 5);
INSERT INTO `product` VALUES (36, '豆浆', 84, '2024-09-14 19:19:07', 20, '由大豆制成的饮品，营养丰富。', 1, 9);
INSERT INTO `product` VALUES (37, '香肠', 39, '2024-09-14 19:19:07', 20, '由肉类和香料制成的食品，适合烧烤。', 1, 7);
INSERT INTO `product` VALUES (38, '炖牛肉', 45, '2024-09-14 19:19:07', 20, '慢炖的牛肉，肉质软烂入味。', 1, 4);
INSERT INTO `product` VALUES (39, '水果冰淇淋', 97, '2024-09-14 19:19:07', 20, '以新鲜水果为原料制成的冰淇淋。', 1, 7);
INSERT INTO `product` VALUES (40, '果冻', 88, '2024-09-14 19:19:07', 20, '甜美的果味胶状甜点。', 1, 10);
INSERT INTO `product` VALUES (41, '薄饼', 37, '2024-09-14 19:19:07', 20, '轻薄的煎饼，适合加各种配料。', 1, 19);
INSERT INTO `product` VALUES (42, '沙拉', 10, '2024-09-14 19:19:07', 20, '由各种生菜和蔬菜组成的清爽菜肴。', 1, 10);
INSERT INTO `product` VALUES (43, '羊肉锅', 45, '2024-09-14 19:19:07', 20, '用羊肉和配料炖煮而成的汤锅。', 1, 4);
INSERT INTO `product` VALUES (44, '乳酪', 30, '2024-09-14 19:19:07', 20, '奶制品的一种，味道浓郁。', 1, 8);
INSERT INTO `product` VALUES (45, '饼干', 31, '2024-09-14 19:19:07', 20, '由面粉、糖等材料烘烤制成的零食。', 1, 2);
INSERT INTO `product` VALUES (46, '泡菜', 92, '2024-09-14 19:19:07', 20, '发酵的蔬菜，味道酸辣。', 1, 19);
INSERT INTO `product` VALUES (47, '腊肠', 38, '2024-09-14 19:19:07', 20, '腌制的香肠，风味独特。', 1, 10);
INSERT INTO `product` VALUES (48, '麻花', 42, '2024-09-14 19:19:07', 20, '油炸的面点，外脆内软。', 1, 11);
INSERT INTO `product` VALUES (49, '糯米团', 55, '2024-09-14 19:19:07', 20, '由糯米制成的圆形团状食品。', 1, 10);
INSERT INTO `product` VALUES (50, '牛油果', 33, '2024-09-14 19:19:07', 20, '富含健康脂肪的水果，常用于沙拉。', 1, 6);
INSERT INTO `product` VALUES (51, '黑巧克力', 91, '2024-09-14 19:19:07', 20, '含有较高可可成分的巧克力。', 1, 12);
INSERT INTO `product` VALUES (52, '甜甜圈', 48, '2024-09-14 19:19:07', 20, '外层糖霜覆盖的圆形油炸甜点。', 1, 2);
INSERT INTO `product` VALUES (53, '奶油蛋糕', 30, '2024-09-14 19:19:07', 20, '使用奶油制成的丰盈蛋糕。', 1, 6);
INSERT INTO `product` VALUES (54, '芒果冰沙', 98, '2024-09-14 19:19:07', 20, '由芒果和冰块混合制成的冷饮。', 1, 3);
INSERT INTO `product` VALUES (55, '中式面条', 92, '2024-09-14 19:19:07', 20, '传统的中国面食，可配各种酱料。', 1, 9);
INSERT INTO `product` VALUES (56, '寿司卷', 17, '2024-09-14 19:19:07', 20, '用紫菜包裹米饭和配料的食品。', 1, 2);
INSERT INTO `product` VALUES (57, '薯片', 56, '2024-09-14 19:19:07', 20, '薄片状的炸土豆片，口味多样。', 1, 5);
INSERT INTO `product` VALUES (58, '松饼', 64, '2024-09-14 19:19:07', 20, '轻盈的烘焙食品，适合配果酱。', 1, 5);
INSERT INTO `product` VALUES (59, '鸡肉沙拉', 59, '2024-09-14 19:19:07', 20, '以鸡肉为主料的沙拉，清爽可口。', 1, 19);
INSERT INTO `product` VALUES (60, '牛肉汤', 28, '2024-09-14 19:19:07', 20, '牛肉炖煮的浓汤，味道鲜美。', 1, 14);
INSERT INTO `product` VALUES (61, '葱油饼', 22, '2024-09-14 19:19:07', 20, '用葱和面粉制成的煎饼，味道香浓。', 1, 9);
INSERT INTO `product` VALUES (62, '麻辣香锅', 75, '2024-09-14 19:19:07', 20, '香辣的锅菜，配料丰富。', 1, 8);
INSERT INTO `product` VALUES (63, '酥皮点心', 49, '2024-09-14 19:19:07', 20, '采用酥皮制作的小点心，口感松脆。', 1, 11);
INSERT INTO `product` VALUES (64, '泡芙', 20, '2024-09-14 19:19:07', 20, '轻盈的奶油填充小点心。', 1, 14);
INSERT INTO `product` VALUES (65, '炖菜', 64, '2024-09-14 19:19:07', 20, '慢炖的蔬菜和肉类，味道浓郁。', 1, 15);
INSERT INTO `product` VALUES (66, '蜂蜜面包', 58, '2024-09-14 19:19:07', 20, '甜美的面包，添加蜂蜜调味。', 1, 4);
INSERT INTO `product` VALUES (67, '小龙虾', 37, '2024-09-14 19:19:07', 20, '用香料和调料炒制的小龙虾。', 1, 7);
INSERT INTO `product` VALUES (68, '意大利披萨', 81, '2024-09-14 19:19:07', 20, '用饼底、酱料和配料制成的食品。', 1, 1);
INSERT INTO `product` VALUES (69, '花生酱', 40, '2024-09-14 19:19:07', 20, '用花生制成的浓稠调料，可配面包。', 1, 19);
INSERT INTO `product` VALUES (70, '草莓奶昔', 56, '2024-09-14 19:19:07', 20, '草莓味的奶昔，清爽可口。', 1, 8);
INSERT INTO `product` VALUES (71, '牛肉炸弹', 81, '2024-09-14 19:19:07', 20, '炸制的牛肉球，味道浓郁。', 1, 4);
INSERT INTO `product` VALUES (72, '果仁蜜饼', 50, '2024-09-14 19:19:07', 20, '用蜜饼和果仁制成的小点心。', 1, 2);
INSERT INTO `product` VALUES (73, '榴莲糕', 29, '2024-09-14 19:19:07', 20, '以榴莲为主要原料的糕点。', 1, 18);
INSERT INTO `product` VALUES (74, '牛肉串', 86, '2024-09-14 19:19:07', 20, '用牛肉制成的串烧食品。', 1, 4);
INSERT INTO `product` VALUES (75, '咸蛋黄饼干', 46, '2024-09-14 19:19:07', 20, '咸蛋黄口味的饼干，咸香可口。', 1, 2);
INSERT INTO `product` VALUES (76, '火锅底料', 94, '2024-09-14 19:19:07', 20, '制作火锅的底料，辣味浓郁。', 1, 7);
INSERT INTO `product` VALUES (77, '鸡胸肉沙拉', 22, '2024-09-14 19:19:07', 20, '鸡胸肉为主料的沙拉，健康营养。', 1, 14);
INSERT INTO `product` VALUES (78, '咸肉饼', 68, '2024-09-14 19:19:07', 20, '用咸肉制成的圆形饼干。', 1, 1);
INSERT INTO `product` VALUES (79, '绿茶蛋糕', 19, '2024-09-14 19:19:07', 20, '绿茶味的蛋糕，清新可口。', 1, 11);
INSERT INTO `product` VALUES (80, '冰淇淋华夫饼', 86, '2024-09-14 19:19:07', 20, '冰淇淋与华夫饼的美味结合。', 1, 13);
INSERT INTO `product` VALUES (81, '炖猪蹄', 54, '2024-09-14 19:19:07', 20, '猪蹄慢炖制成的美味佳肴。', 1, 7);
INSERT INTO `product` VALUES (82, '核桃饼', 49, '2024-09-14 19:19:07', 20, '含有核桃的香脆饼干。', 1, 16);
INSERT INTO `product` VALUES (83, '薄荷巧克力', 10, '2024-09-14 19:19:07', 20, '薄荷口味的巧克力，清凉提神。', 1, 11);
INSERT INTO `product` VALUES (84, '清汤面', 86, '2024-09-14 19:19:07', 20, '由清汤和面条组成的简单美食。', 1, 3);
INSERT INTO `product` VALUES (85, '糖炒栗子', 20, '2024-09-14 19:19:07', 20, '甜味糖浆炒制的栗子。', 1, 7);
INSERT INTO `product` VALUES (86, '麻辣豆腐', 34, '2024-09-14 19:19:07', 20, '用麻辣调料炒制的豆腐。', 1, 20);
INSERT INTO `product` VALUES (87, '红烧肉', 55, '2024-09-14 19:19:07', 20, '红烧调料煮制的猪肉。', 1, 20);
INSERT INTO `product` VALUES (88, '蔬菜卷', 75, '2024-09-14 19:19:07', 20, '用蔬菜制成的卷状食品。', 1, 9);
INSERT INTO `product` VALUES (89, '蜜饯', 43, '2024-09-14 19:19:07', 20, '用蜜糖腌制的水果零食。', 1, 8);
INSERT INTO `product` VALUES (90, '披萨卷', 87, '2024-09-14 19:19:07', 20, '以披萨为原料制成的卷状食品。', 1, 6);
INSERT INTO `product` VALUES (91, '香蕉派', 68, '2024-09-14 19:19:07', 20, '以香蕉为主料的派点心。', 1, 17);
INSERT INTO `product` VALUES (92, '炖鸡翅', 19, '2024-09-14 19:19:07', 20, '慢炖的鸡翅，味道浓郁。', 1, 19);
INSERT INTO `product` VALUES (93, '椰子饼', 37, '2024-09-14 19:19:07', 20, '以椰子为主要原料的饼干。', 1, 15);
INSERT INTO `product` VALUES (94, '水果冻', 25, '2024-09-14 19:19:07', 20, '以水果为原料的冷冻甜点。', 1, 13);
INSERT INTO `product` VALUES (95, '榴莲饼', 88, '2024-09-14 19:19:07', 20, '榴莲口味的饼干，香浓可口。', 1, 15);
INSERT INTO `product` VALUES (96, '烤鸡腿', 22, '2024-09-14 19:19:07', 20, '用香料烤制的鸡腿，外脆内嫩。', 1, 8);
INSERT INTO `product` VALUES (97, '辣味虾', 34, '2024-09-14 19:19:07', 20, '辣味调料炒制的虾。', 1, 20);
INSERT INTO `product` VALUES (98, '柠檬蛋糕', 34, '2024-09-14 19:19:07', 20, '柠檬风味的蛋糕，酸甜可口。', 1, 1);
INSERT INTO `product` VALUES (99, '抹茶饼干', 98, '2024-09-14 19:19:07', 20, '以抹茶为主要原料的饼干。', 1, 12);
INSERT INTO `product` VALUES (100, '蓝莓松饼', 81, '2024-09-14 19:19:07', 20, '以蓝莓为主要成分的松饼，甜美可口。', 1, 12);

-- ----------------------------
-- Table structure for transaction
-- ----------------------------
DROP TABLE IF EXISTS `transaction`;
CREATE TABLE `transaction`  (
  `transaction_id` int NOT NULL AUTO_INCREMENT COMMENT '流水ID',
  `transaction_time` datetime NOT NULL DEFAULT CURRENT_TIMESTAMP COMMENT '流水时间',
  `in_store_total_num` int NOT NULL COMMENT '总入库订单数',
  `in_store_num` int NOT NULL COMMENT '入库数',
  `out_store_total_num` int NOT NULL COMMENT '总出库订单数',
  `out_store_num` int NOT NULL COMMENT '出库数',
  `non_in_store_num` int NULL DEFAULT NULL COMMENT '未处理入库单数',
  `non_out_store_num` int NULL DEFAULT NULL COMMENT '未处理出库单数',
  `transaction_notes` varchar(100) CHARACTER SET utf8mb4 COLLATE utf8mb4_0900_ai_ci NULL DEFAULT NULL COMMENT '流水备注',
  PRIMARY KEY (`transaction_id`) USING BTREE,
  INDEX `idx_transaction_time`(`transaction_time` ASC) USING BTREE
) ENGINE = InnoDB AUTO_INCREMENT = 4 CHARACTER SET = utf8mb4 COLLATE = utf8mb4_0900_ai_ci ROW_FORMAT = DYNAMIC;

-- ----------------------------
-- Records of transaction
-- ----------------------------

-- ----------------------------
-- Table structure for yg
-- ----------------------------
DROP TABLE IF EXISTS `yg`;
CREATE TABLE `yg`  (
  `yg_id` int NOT NULL AUTO_INCREMENT COMMENT '员工id',
  `yg_name` varchar(100) CHARACTER SET utf8mb4 COLLATE utf8mb4_0900_ai_ci NOT NULL COMMENT '员工名',
  `yg_brithday` date NOT NULL COMMENT '员工生日',
  `yg_status` int NOT NULL COMMENT '员工状态 0离职1在职',
  `yg_type` int NOT NULL COMMENT '员工职位 0管理员1普通员工',
  PRIMARY KEY (`yg_id`) USING BTREE,
  INDEX `yg_id`(`yg_id` ASC) USING BTREE,
  INDEX `yg_name`(`yg_name` ASC) USING BTREE,
  INDEX `yg_status`(`yg_status` ASC, `yg_type` ASC) USING BTREE,
  INDEX `idx_yg_birthday`(`yg_brithday` ASC) USING BTREE
) ENGINE = InnoDB AUTO_INCREMENT = 201 CHARACTER SET = utf8mb4 COLLATE = utf8mb4_0900_ai_ci ROW_FORMAT = Dynamic;

-- ----------------------------
-- Records of yg
-- ----------------------------
INSERT INTO `yg` VALUES (1, '廖柳', '1973-06-12', 0, 0);
INSERT INTO `yg` VALUES (2, '李丽华', '1975-10-31', 0, 0);
INSERT INTO `yg` VALUES (3, '沈梅', '1976-05-06', 0, 0);
INSERT INTO `yg` VALUES (4, '马杰', '1977-05-07', 0, 0);
INSERT INTO `yg` VALUES (5, '左涛', '2002-05-03', 1, 0);
INSERT INTO `yg` VALUES (6, '张峰', '1966-11-15', 1, 0);
INSERT INTO `yg` VALUES (7, '李春梅', '1964-02-23', 0, 0);
INSERT INTO `yg` VALUES (8, '闵鹏', '1973-12-07', 1, 0);
INSERT INTO `yg` VALUES (9, '庞勇', '1993-07-01', 1, 0);
INSERT INTO `yg` VALUES (10, '蔡艳', '1995-01-22', 0, 0);
INSERT INTO `yg` VALUES (11, '罗春梅', '1985-11-05', 1, 0);
INSERT INTO `yg` VALUES (12, '陶秀兰', '2001-01-07', 0, 0);
INSERT INTO `yg` VALUES (13, '张帆', '2001-07-13', 1, 0);
INSERT INTO `yg` VALUES (14, '齐帆', '1983-06-02', 1, 0);
INSERT INTO `yg` VALUES (15, '孔辉', '1976-05-31', 0, 0);
INSERT INTO `yg` VALUES (16, '吴淑华', '1991-08-14', 0, 0);
INSERT INTO `yg` VALUES (17, '朱波', '1981-09-16', 0, 0);
INSERT INTO `yg` VALUES (18, '程楠', '2002-06-02', 0, 0);
INSERT INTO `yg` VALUES (19, '罗宁', '1968-01-30', 1, 0);
INSERT INTO `yg` VALUES (20, '史阳', '1990-01-08', 1, 0);
INSERT INTO `yg` VALUES (21, '任秀芳', '1993-05-27', 0, 1);
INSERT INTO `yg` VALUES (22, '王玉', '1983-03-24', 1, 1);
INSERT INTO `yg` VALUES (23, '曹飞', '1975-09-19', 1, 1);
INSERT INTO `yg` VALUES (24, '王倩', '1980-02-11', 1, 1);
INSERT INTO `yg` VALUES (25, '薛勇', '1989-08-20', 1, 1);
INSERT INTO `yg` VALUES (26, '萧颖', '1999-10-22', 0, 1);
INSERT INTO `yg` VALUES (27, '张杰', '1978-03-15', 0, 1);
INSERT INTO `yg` VALUES (28, '陈红霞', '2000-04-29', 0, 1);
INSERT INTO `yg` VALUES (29, '李桂兰', '1994-11-25', 1, 1);
INSERT INTO `yg` VALUES (30, '杨涛', '1999-01-04', 1, 1);
INSERT INTO `yg` VALUES (31, '葛畅', '1990-01-08', 0, 1);
INSERT INTO `yg` VALUES (32, '黄成', '1974-01-02', 0, 1);
INSERT INTO `yg` VALUES (33, '郑建军', '2001-11-28', 0, 1);
INSERT INTO `yg` VALUES (34, '庞敏', '1968-02-17', 0, 1);
INSERT INTO `yg` VALUES (35, '张琳', '1989-07-10', 0, 1);
INSERT INTO `yg` VALUES (36, '李丽丽', '1995-10-04', 0, 1);
INSERT INTO `yg` VALUES (37, '惠璐', '1981-09-03', 0, 1);
INSERT INTO `yg` VALUES (38, '方红霞', '1988-09-24', 1, 1);
INSERT INTO `yg` VALUES (39, '王桂花', '1980-07-20', 0, 1);
INSERT INTO `yg` VALUES (40, '朱帆', '2000-09-15', 1, 1);
INSERT INTO `yg` VALUES (41, '张芳', '1986-02-05', 0, 1);
INSERT INTO `yg` VALUES (42, '王旭', '1984-01-10', 0, 1);
INSERT INTO `yg` VALUES (43, '杨博', '1990-10-18', 0, 1);
INSERT INTO `yg` VALUES (44, '李勇', '1999-11-23', 1, 1);
INSERT INTO `yg` VALUES (45, '柳冬梅', '1993-03-29', 1, 1);
INSERT INTO `yg` VALUES (46, '赵阳', '1972-05-13', 0, 1);
INSERT INTO `yg` VALUES (47, '赵丽娟', '2001-06-27', 1, 1);
INSERT INTO `yg` VALUES (48, '吴莉', '1991-04-11', 0, 1);
INSERT INTO `yg` VALUES (49, '黄涛', '1972-04-14', 0, 1);
INSERT INTO `yg` VALUES (50, '谢红梅', '1992-04-13', 0, 1);
INSERT INTO `yg` VALUES (51, '李明', '1971-10-17', 1, 1);
INSERT INTO `yg` VALUES (52, '李燕', '1996-09-04', 0, 1);
INSERT INTO `yg` VALUES (53, '吕琴', '1965-05-17', 0, 1);
INSERT INTO `yg` VALUES (54, '张丽华', '1995-02-21', 1, 1);
INSERT INTO `yg` VALUES (55, '蒋敏', '1991-06-03', 0, 1);
INSERT INTO `yg` VALUES (56, '蓝桂荣', '1993-11-04', 1, 1);
INSERT INTO `yg` VALUES (57, '姚敏', '1971-08-17', 0, 1);
INSERT INTO `yg` VALUES (58, '孙梅', '1973-06-28', 0, 1);
INSERT INTO `yg` VALUES (59, '余雪', '1993-09-03', 1, 1);
INSERT INTO `yg` VALUES (60, '戴荣', '1987-02-25', 0, 1);
INSERT INTO `yg` VALUES (61, '武峰', '1986-05-20', 0, 1);
INSERT INTO `yg` VALUES (62, '吕军', '1970-01-22', 0, 1);
INSERT INTO `yg` VALUES (63, '钟杰', '1994-03-22', 1, 1);
INSERT INTO `yg` VALUES (64, '夏岩', '1990-03-03', 1, 1);
INSERT INTO `yg` VALUES (65, '杨秀梅', '1971-05-06', 0, 1);
INSERT INTO `yg` VALUES (66, '杨杨', '1992-10-18', 0, 1);
INSERT INTO `yg` VALUES (67, '刘桂香', '1973-06-05', 0, 1);
INSERT INTO `yg` VALUES (68, '余佳', '1989-07-31', 0, 1);
INSERT INTO `yg` VALUES (69, '陈博', '1981-07-10', 0, 1);
INSERT INTO `yg` VALUES (70, '刘楠', '1980-02-16', 1, 1);
INSERT INTO `yg` VALUES (71, '倪强', '1988-07-23', 1, 1);
INSERT INTO `yg` VALUES (72, '赵秀云', '1999-02-09', 0, 1);
INSERT INTO `yg` VALUES (73, '许玲', '1978-09-12', 1, 1);
INSERT INTO `yg` VALUES (74, '郑凤英', '1986-07-01', 0, 1);
INSERT INTO `yg` VALUES (75, '刘萍', '2000-06-06', 1, 1);
INSERT INTO `yg` VALUES (76, '马霞', '1990-05-23', 1, 1);
INSERT INTO `yg` VALUES (77, '陈桂英', '1991-10-15', 0, 1);
INSERT INTO `yg` VALUES (78, '马秀云', '1977-02-17', 1, 1);
INSERT INTO `yg` VALUES (79, '李峰', '1989-04-09', 1, 1);
INSERT INTO `yg` VALUES (80, '王强', '1977-10-10', 0, 1);
INSERT INTO `yg` VALUES (81, '朱艳', '1997-08-21', 0, 1);
INSERT INTO `yg` VALUES (82, '左淑兰', '1969-09-09', 0, 1);
INSERT INTO `yg` VALUES (83, '汤颖', '1967-06-23', 1, 1);
INSERT INTO `yg` VALUES (84, '杨丽丽', '1981-01-19', 1, 1);
INSERT INTO `yg` VALUES (85, '吴玉梅', '1975-05-27', 0, 1);
INSERT INTO `yg` VALUES (86, '严东', '1983-04-05', 1, 1);
INSERT INTO `yg` VALUES (87, '许彬', '1969-11-12', 1, 1);
INSERT INTO `yg` VALUES (88, '王伟', '1977-01-07', 1, 1);
INSERT INTO `yg` VALUES (89, '倪畅', '1988-01-29', 1, 1);
INSERT INTO `yg` VALUES (90, '郑龙', '1971-09-19', 1, 1);
INSERT INTO `yg` VALUES (91, '李军', '1978-12-18', 0, 1);
INSERT INTO `yg` VALUES (92, '李帆', '1993-07-07', 0, 1);
INSERT INTO `yg` VALUES (93, '李兰英', '1971-02-16', 0, 1);
INSERT INTO `yg` VALUES (94, '陈娜', '1993-08-14', 0, 1);
INSERT INTO `yg` VALUES (95, '庄金凤', '1992-05-06', 0, 1);
INSERT INTO `yg` VALUES (96, '莫丹', '1967-11-17', 1, 1);
INSERT INTO `yg` VALUES (97, '周荣', '1998-06-23', 0, 1);
INSERT INTO `yg` VALUES (98, '刘磊', '2002-07-18', 0, 1);
INSERT INTO `yg` VALUES (99, '邱娟', '1971-01-28', 1, 1);
INSERT INTO `yg` VALUES (100, '高慧', '1981-12-18', 0, 1);
INSERT INTO `yg` VALUES (101, '丁欣', '1994-02-21', 1, 1);
INSERT INTO `yg` VALUES (102, '燕飞', '1985-05-13', 1, 1);
INSERT INTO `yg` VALUES (103, '刘磊', '1966-06-16', 1, 1);
INSERT INTO `yg` VALUES (104, '刘桂珍', '1982-01-01', 1, 1);
INSERT INTO `yg` VALUES (105, '谈辉', '1994-12-22', 1, 1);
INSERT INTO `yg` VALUES (106, '马桂香', '1992-01-29', 1, 1);
INSERT INTO `yg` VALUES (107, '薄波', '1971-08-08', 1, 1);
INSERT INTO `yg` VALUES (108, '尹红梅', '1987-06-06', 0, 1);
INSERT INTO `yg` VALUES (109, '裴杨', '1975-10-05', 1, 1);
INSERT INTO `yg` VALUES (110, '钱博', '1995-02-19', 1, 1);
INSERT INTO `yg` VALUES (111, '张桂荣', '1992-11-11', 1, 1);
INSERT INTO `yg` VALUES (112, '冯亮', '1990-08-02', 1, 1);
INSERT INTO `yg` VALUES (113, '陈波', '1984-11-01', 0, 1);
INSERT INTO `yg` VALUES (114, '陈建国', '1986-08-29', 1, 1);
INSERT INTO `yg` VALUES (115, '田岩', '1993-07-22', 0, 1);
INSERT INTO `yg` VALUES (116, '李健', '1989-11-02', 1, 1);
INSERT INTO `yg` VALUES (117, '张畅', '1981-12-20', 1, 1);
INSERT INTO `yg` VALUES (118, '江宁', '1987-03-31', 1, 1);
INSERT INTO `yg` VALUES (119, '秦佳', '1989-07-16', 1, 1);
INSERT INTO `yg` VALUES (120, '夏凤英', '1985-01-03', 1, 1);
INSERT INTO `yg` VALUES (121, '柳丽娟', '1998-09-01', 1, 1);
INSERT INTO `yg` VALUES (122, '冷成', '1974-01-16', 0, 1);
INSERT INTO `yg` VALUES (123, '杨秀云', '1980-03-20', 1, 1);
INSERT INTO `yg` VALUES (124, '叶玉珍', '1967-12-28', 1, 1);
INSERT INTO `yg` VALUES (125, '覃斌', '1979-01-03', 0, 1);
INSERT INTO `yg` VALUES (126, '宫红', '2000-09-11', 1, 1);
INSERT INTO `yg` VALUES (127, '周慧', '1963-10-10', 0, 1);
INSERT INTO `yg` VALUES (128, '谢红', '1991-11-08', 1, 1);
INSERT INTO `yg` VALUES (129, '汤萍', '1997-03-01', 1, 1);
INSERT INTO `yg` VALUES (130, '陈亮', '1996-02-26', 1, 1);
INSERT INTO `yg` VALUES (131, '林旭', '1994-02-28', 1, 1);
INSERT INTO `yg` VALUES (132, '吴成', '1987-02-20', 0, 1);
INSERT INTO `yg` VALUES (133, '李宇', '1975-05-30', 0, 1);
INSERT INTO `yg` VALUES (134, '洪楠', '1979-12-19', 1, 1);
INSERT INTO `yg` VALUES (135, '杨辉', '1987-02-16', 0, 1);
INSERT INTO `yg` VALUES (136, '李梅', '1984-07-26', 0, 1);
INSERT INTO `yg` VALUES (137, '王勇', '1971-06-30', 1, 1);
INSERT INTO `yg` VALUES (138, '田磊', '1966-04-02', 1, 1);
INSERT INTO `yg` VALUES (139, '苏丽华', '1969-02-04', 0, 1);
INSERT INTO `yg` VALUES (140, '张芳', '1978-02-27', 0, 1);
INSERT INTO `yg` VALUES (141, '黄建华', '1964-03-01', 0, 1);
INSERT INTO `yg` VALUES (142, '许丽', '1988-11-17', 0, 1);
INSERT INTO `yg` VALUES (143, '樊玉兰', '1970-06-05', 1, 1);
INSERT INTO `yg` VALUES (144, '张洋', '1980-03-18', 0, 1);
INSERT INTO `yg` VALUES (145, '李婷婷', '1984-07-01', 1, 1);
INSERT INTO `yg` VALUES (146, '路颖', '1989-11-24', 0, 1);
INSERT INTO `yg` VALUES (147, '刘秀华', '1996-05-12', 0, 1);
INSERT INTO `yg` VALUES (148, '岳萍', '1997-06-14', 0, 1);
INSERT INTO `yg` VALUES (149, '龙志强', '1991-01-26', 0, 1);
INSERT INTO `yg` VALUES (150, '张俊', '1990-12-09', 1, 1);
INSERT INTO `yg` VALUES (151, '王斌', '1998-10-04', 1, 1);
INSERT INTO `yg` VALUES (152, '黄岩', '1986-10-25', 0, 1);
INSERT INTO `yg` VALUES (153, '牛云', '1976-03-25', 0, 1);
INSERT INTO `yg` VALUES (154, '李娜', '1967-01-30', 0, 1);
INSERT INTO `yg` VALUES (155, '马瑜', '1981-12-18', 0, 1);
INSERT INTO `yg` VALUES (156, '高丽华', '1999-12-06', 0, 1);
INSERT INTO `yg` VALUES (157, '冯凤兰', '1989-11-23', 1, 1);
INSERT INTO `yg` VALUES (158, '王建华', '1966-03-27', 1, 1);
INSERT INTO `yg` VALUES (159, '胡桂荣', '1996-03-26', 1, 1);
INSERT INTO `yg` VALUES (160, '萧飞', '1975-08-10', 0, 1);
INSERT INTO `yg` VALUES (161, '陈红', '1984-05-28', 1, 1);
INSERT INTO `yg` VALUES (162, '黄建军', '1973-04-14', 0, 1);
INSERT INTO `yg` VALUES (163, '李海燕', '1971-08-22', 1, 1);
INSERT INTO `yg` VALUES (164, '张佳', '1975-08-19', 0, 1);
INSERT INTO `yg` VALUES (165, '黄冬梅', '1995-05-27', 0, 1);
INSERT INTO `yg` VALUES (166, '黄玉珍', '1987-01-23', 0, 1);
INSERT INTO `yg` VALUES (167, '施英', '1986-12-18', 0, 1);
INSERT INTO `yg` VALUES (168, '董博', '1966-12-25', 1, 1);
INSERT INTO `yg` VALUES (169, '马瑜', '1964-09-11', 1, 1);
INSERT INTO `yg` VALUES (170, '谌强', '1987-09-30', 1, 1);
INSERT INTO `yg` VALUES (171, '彭淑华', '2002-03-12', 0, 1);
INSERT INTO `yg` VALUES (172, '李伟', '1989-12-18', 1, 1);
INSERT INTO `yg` VALUES (173, '王淑珍', '1971-01-30', 0, 1);
INSERT INTO `yg` VALUES (174, '陈明', '1975-01-09', 1, 1);
INSERT INTO `yg` VALUES (175, '李红梅', '1991-09-14', 1, 1);
INSERT INTO `yg` VALUES (176, '顾云', '1979-05-18', 1, 1);
INSERT INTO `yg` VALUES (177, '蔡斌', '1972-05-29', 0, 1);
INSERT INTO `yg` VALUES (178, '吴洁', '1976-02-18', 1, 1);
INSERT INTO `yg` VALUES (179, '蔡华', '1986-04-04', 1, 1);
INSERT INTO `yg` VALUES (180, '陈斌', '1973-12-22', 0, 1);
INSERT INTO `yg` VALUES (181, '陈华', '1976-05-01', 1, 1);
INSERT INTO `yg` VALUES (182, '崔志强', '1979-02-03', 1, 1);
INSERT INTO `yg` VALUES (183, '叶秀兰', '1999-03-21', 1, 1);
INSERT INTO `yg` VALUES (184, '蔡林', '2001-09-01', 1, 1);
INSERT INTO `yg` VALUES (185, '杨小红', '1996-10-30', 0, 1);
INSERT INTO `yg` VALUES (186, '王琳', '1977-11-21', 1, 1);
INSERT INTO `yg` VALUES (187, '岑玉珍', '1977-03-31', 0, 1);
INSERT INTO `yg` VALUES (188, '孙建', '1990-07-10', 0, 1);
INSERT INTO `yg` VALUES (189, '谢平', '1975-08-19', 1, 1);
INSERT INTO `yg` VALUES (190, '叶凯', '1988-01-15', 1, 1);
INSERT INTO `yg` VALUES (191, '丁波', '1966-11-07', 0, 1);
INSERT INTO `yg` VALUES (192, '吴雷', '1982-08-24', 0, 1);
INSERT INTO `yg` VALUES (193, '张飞', '1969-09-12', 0, 1);
INSERT INTO `yg` VALUES (194, '王婷', '1965-06-16', 0, 1);
INSERT INTO `yg` VALUES (195, '向刚', '1990-04-16', 0, 1);
INSERT INTO `yg` VALUES (196, '王龙', '1972-07-20', 0, 1);
INSERT INTO `yg` VALUES (197, '马涛', '1999-04-09', 0, 1);
INSERT INTO `yg` VALUES (198, '袁畅', '1965-12-29', 0, 1);
INSERT INTO `yg` VALUES (199, '王旭', '1973-11-02', 1, 1);
INSERT INTO `yg` VALUES (200, '林瑜', '1990-09-16', 0, 1);

-- ----------------------------
-- View structure for employee_management_view
-- ----------------------------
DROP VIEW IF EXISTS `employee_management_view`;
CREATE ALGORITHM = UNDEFINED SQL SECURITY DEFINER VIEW `employee_management_view` AS select `yg`.`yg_id` AS `yg_id`,`yg`.`yg_name` AS `yg_name`,`yg`.`yg_brithday` AS `yg_brithday`,(case `yg`.`yg_status` when 0 then '离职' when 1 then '在职' end) AS `yg_status`,(case `yg`.`yg_type` when 0 then '管理员' when 1 then '普通员工' end) AS `yg_type` from `yg`;

-- ----------------------------
-- View structure for in_item_view
-- ----------------------------
DROP VIEW IF EXISTS `in_item_view`;
CREATE ALGORITHM = UNDEFINED SQL SECURITY DEFINER VIEW `in_item_view` AS select `in_items`.`product_id` AS `product_id`,`in_items`.`num` AS `num`,`in_items`.`address` AS `address`,`in_items`.`out_time` AS `out_time`,`in_items`.`item_id` AS `item_id`,`in_items`.`order_id` AS `order_id` from `in_items`;

-- ----------------------------
-- View structure for in_store_view
-- ----------------------------
DROP VIEW IF EXISTS `in_store_view`;
CREATE ALGORITHM = UNDEFINED SQL SECURITY DEFINER VIEW `in_store_view` AS select `i`.`order_id` AS `order_id`,`i`.`yg_id` AS `yg_id`,(case `i`.`order_status` when 0 then '未处理' when 1 then '已处理' end) AS `order_status`,`i`.`order_time` AS `order_time`,`i`.`handle_time` AS `handle_time`,`p`.`product_name` AS `product_name`,`p`.`product_num` AS `product_num` from ((`in_store` `i` join `in_items` `it` on((`i`.`order_id` = `it`.`order_id`))) join `product` `p` on((`it`.`product_id` = `p`.`product_id`)));

-- ----------------------------
-- View structure for login_view
-- ----------------------------
DROP VIEW IF EXISTS `login_view`;
CREATE ALGORITHM = UNDEFINED SQL SECURITY DEFINER VIEW `login_view` AS select `l`.`login_id` AS `login_id`,`l`.`yg_id` AS `yg_id`,`l`.`yg_passwd` AS `yg_passwd` from `login` `l`;

-- ----------------------------
-- View structure for low_alert_view
-- ----------------------------
DROP VIEW IF EXISTS `low_alert_view`;
CREATE ALGORITHM = UNDEFINED SQL SECURITY DEFINER VIEW `low_alert_view` AS select `h`.`hj_id` AS `depot_id`,`p`.`product_id` AS `product_id`,`p`.`product_name` AS `product_name`,`p`.`product_num` AS `product_num`,`p`.`product_lownum` AS `product_lownum`,`h`.`hj_current_size` AS `depot_size` from ((`product` `p` join `in_items` `i` on((`p`.`product_id` = `i`.`product_id`))) join `hj` `h` on((`i`.`address` = `h`.`hj_id`))) where ((`p`.`product_num` < `p`.`product_lownum`) and (`p`.`product_status` = 1));

-- ----------------------------
-- View structure for out_item_view
-- ----------------------------
DROP VIEW IF EXISTS `out_item_view`;
CREATE ALGORITHM = UNDEFINED SQL SECURITY DEFINER VIEW `out_item_view` AS select `out_items`.`product_id` AS `product_id`,`out_items`.`num` AS `num`,`out_items`.`item_id` AS `item_id`,`out_items`.`order_id` AS `order_id` from `out_items`;

-- ----------------------------
-- View structure for out_store_view
-- ----------------------------
DROP VIEW IF EXISTS `out_store_view`;
CREATE ALGORITHM = UNDEFINED SQL SECURITY DEFINER VIEW `out_store_view` AS select `o`.`order_id` AS `order_id`,`o`.`yg_id` AS `yg_id`,(case `o`.`order_status` when 0 then '未出库' when 1 then '已出库' end) AS `order_status`,`o`.`order_time` AS `order_time`,`o`.`handle_time` AS `handle_time`,`p`.`product_name` AS `product_name`,`p`.`product_num` AS `product_num` from ((`out_store` `o` join `out_items` `oi` on((`o`.`order_id` = `oi`.`order_id`))) join `product` `p` on((`oi`.`product_id` = `p`.`product_id`)));

-- ----------------------------
-- View structure for product_management_view
-- ----------------------------
DROP VIEW IF EXISTS `product_management_view`;
CREATE ALGORITHM = UNDEFINED SQL SECURITY DEFINER VIEW `product_management_view` AS select `p`.`product_id` AS `product_id`,`p`.`product_name` AS `product_name`,`p`.`product_num` AS `product_num`,`p`.`product_createtime` AS `product_createtime`,`p`.`product_updatetime` AS `product_updatetime`,`p`.`product_lownum` AS `product_lownum`,(case `p`.`product_status` when 0 then '不存在' when 1 then '存在' end) AS `product_status`,`i`.`address` AS `product_location` from (`product` `p` left join `in_items` `i` on((`p`.`product_id` = `i`.`product_id`))) group by `p`.`product_id`,`p`.`product_name`,`p`.`product_num`,`p`.`product_createtime`,`p`.`product_updatetime`,`p`.`product_lownum`,`p`.`product_status`,`i`.`address` order by `p`.`product_id`;

-- ----------------------------
-- View structure for shelf_management_view
-- ----------------------------
DROP VIEW IF EXISTS `shelf_management_view`;
CREATE ALGORITHM = UNDEFINED SQL SECURITY DEFINER VIEW `shelf_management_view` AS select `hj`.`hj_id` AS `hj_id`,`hj`.`hj_row_num` AS `hj_row_num`,`hj`.`hj_max_size` AS `hj_max_size`,`hj`.`hj_current_size` AS `hj_current_size` from `hj`;

-- ----------------------------
-- View structure for transaction_management_view
-- ----------------------------
DROP VIEW IF EXISTS `transaction_management_view`;
CREATE ALGORITHM = UNDEFINED SQL SECURITY DEFINER VIEW `transaction_management_view` AS select `transaction`.`transaction_id` AS `transaction_id`,`transaction`.`transaction_time` AS `transaction_time`,`transaction`.`in_store_num` AS `in_store_num`,`transaction`.`out_store_num` AS `out_store_num` from `transaction`;

-- ----------------------------
-- Procedure structure for CheckProductStock
-- ----------------------------
DROP PROCEDURE IF EXISTS `CheckProductStock`;
delimiter ;;
CREATE DEFINER=`root`@`%` PROCEDURE `CheckProductStock`()
BEGIN
    DECLARE done INT DEFAULT FALSE;
    DECLARE v_product_id INT;
    DECLARE v_product_num INT;
    DECLARE v_product_lownum INT;

    -- 创建游标来遍历所有产品
    DECLARE product_cursor CURSOR FOR SELECT product_id, product_num, product_lownum FROM product;
    DECLARE CONTINUE HANDLER FOR NOT FOUND SET done = TRUE;

    OPEN product_cursor;

    read_loop: LOOP
        FETCH product_cursor INTO v_product_id, v_product_num, v_product_lownum;
        IF done THEN
            LEAVE read_loop;
        END IF;

        -- 检查库存是否小于或等于最低库存
        IF v_product_num <= v_product_lownum THEN
            -- 抛出一个警告，提示库存达到最低限额
            SIGNAL SQLSTATE '45000'
            SET MESSAGE_TEXT = 'Warning: Stock  has reached or fallen below the minimum limit.';
        END IF;
    END LOOP;

    CLOSE product_cursor;
END
;;
delimiter ;

-- ----------------------------
-- Procedure structure for find_available_shelves
-- ----------------------------
DROP PROCEDURE IF EXISTS `find_available_shelves`;
delimiter ;;
CREATE DEFINER=`root`@`%` PROCEDURE `find_available_shelves`(
    IN p_order_id INT  -- 订单ID
)
BEGIN
    -- 声明变量
    DECLARE total_product_qty INT DEFAULT 0;  -- 订单中所有商品的总数量
    DECLARE remaining_qty INT DEFAULT 0;  -- 剩余的商品数量
    DECLARE shelf_id INT DEFAULT NULL;  -- 当前货架ID
    DECLARE shelf_space INT DEFAULT 0;  -- 当前货架可用空间
    DECLARE done INT DEFAULT 0;  -- 控制游标结束
    DECLARE selected_shelf_id INT DEFAULT NULL;  -- 选中的货架ID

    -- 声明游标，获取货架的可用空间，按剩余空间从大到小排序
    DECLARE cur_shelves CURSOR FOR
        SELECT hj_id, hj_current_size
        FROM hj
        WHERE hj_current_size > 0
        ORDER BY hj_current_size DESC;

    -- 声明处理游标结束的处理程序
    DECLARE CONTINUE HANDLER FOR NOT FOUND SET done = 1;

    -- 第1步：查询给定订单ID在明细表in_items中所有商品的总数量
    SELECT SUM(num) INTO total_product_qty
    FROM in_items
    WHERE order_id = p_order_id;

    -- 初始化剩余商品数量
    SET remaining_qty = total_product_qty;

    -- 打开货架游标，开始遍历货架
    OPEN cur_shelves;

    -- 遍历货架，找到合适的货架
    read_loop: LOOP
        -- 获取当前货架的ID和可用空间
        FETCH cur_shelves INTO shelf_id, shelf_space;

        -- 如果游标读取结束，退出循环
        IF done = 1 THEN
            LEAVE read_loop;
        END IF;

        -- 如果剩余商品数量小于等于当前货架空间，直接放入
        IF remaining_qty <= shelf_space THEN
            -- 更新货架容量
            UPDATE hj
            SET hj_current_size = hj_current_size - remaining_qty
            WHERE hj_id = shelf_id;

            -- 商品数量完全匹配，记录货架ID并退出循环
            SET remaining_qty = 0;
            SET selected_shelf_id = shelf_id;
            LEAVE read_loop;
        ELSE
            -- 当前货架只能容纳部分商品，继续寻找下一个货架
            UPDATE hj
            SET hj_current_size = 0
            WHERE hj_id = shelf_id;

            -- 更新剩余商品数量
            SET remaining_qty = remaining_qty - shelf_space;
        END IF;
    END LOOP;

    -- 关闭货架游标
    CLOSE cur_shelves;

    -- 返回结果
    IF remaining_qty = 0 THEN
        -- 如果剩余数量为0，返回找到的货架ID
        SELECT selected_shelf_id AS available_shelf;
    ELSE
        -- 否则返回提示信息：没有足够的空间放下商品
        SELECT '没有足够的空间放下这批货' AS message;
    END IF;

END
;;
delimiter ;

-- ----------------------------
-- Procedure structure for GetProductLocation
-- ----------------------------
DROP PROCEDURE IF EXISTS `GetProductLocation`;
delimiter ;;
CREATE DEFINER=`root`@`%` PROCEDURE `GetProductLocation`(
    IN p_product_id INT,  -- 输入的商品ID
    IN p_quantity INT     -- 输入的要取出的商品数量
)
BEGIN
    -- 声明变量
    DECLARE remaining_quantity INT DEFAULT p_quantity;  -- 剩余要取出的数量
    DECLARE cur_address VARCHAR(255);  -- 存储当前地址
    DECLARE cur_num INT;  -- 存储当前批次可用的数量
    DECLARE total_stock INT;  -- 总库存
    DECLARE min_stock INT;  -- 最低库存
    DECLARE available_quantity INT;  -- 可用库存（总库存 - 最低库存）
    DECLARE not_fetched INT DEFAULT 0;  -- 未取到的数量
    DECLARE done INT DEFAULT 0;  -- 游标结束标志
    DECLARE order_status INT;  -- 订单状态
    
    -- 声明游标
    DECLARE cur CURSOR FOR
    SELECT address, num
    FROM in_items
    WHERE product_id = p_product_id
    AND address IS NOT NULL  -- 仅选择有地址的记录
    ORDER BY (out_time - NOW()), out_time ASC;  -- 按保质期和入库时间排序

    -- 声明游标处理结束的处理程序
    DECLARE CONTINUE HANDLER FOR NOT FOUND SET done = 1;

    -- 查询商品的总库存、最低库存和订单状态
    SELECT product_num, product_lownum 
    INTO total_stock, min_stock
    FROM product
    WHERE product_id = p_product_id;

    -- 计算可用库存（总库存 - 最低库存）
    SET available_quantity = total_stock - min_stock;

    -- 检查可用库存是否足够
    IF available_quantity >= p_quantity THEN
        -- 可用库存足够，正常提货
        SET remaining_quantity = p_quantity;
    ELSE
        -- 可用库存不足，只能提到最低库存
        SET remaining_quantity = available_quantity;
        SET not_fetched = p_quantity - remaining_quantity;  -- 记录未取到的数量
    END IF;

    -- 创建临时表用于存储查询结果
    CREATE TEMPORARY TABLE TempProductLocation (
        location VARCHAR(255), 
        fetched_quantity INT
    );

    -- 打开游标
    OPEN cur;

    -- 循环遍历游标数据
    read_loop: LOOP
        FETCH cur INTO cur_address, cur_num;

        -- 如果已经取够了数量，或者游标读取结束，退出循环
        IF done = 1 OR remaining_quantity <= 0 THEN
            LEAVE read_loop;
        END IF;

        -- 如果当前批次可提供的数量足够满足剩余需求
        IF cur_num >= remaining_quantity THEN
            -- 插入到临时表，表示可以从该地址提取 remaining_quantity 的数量
            INSERT INTO TempProductLocation (location, fetched_quantity)
            VALUES (cur_address, remaining_quantity);

            -- 取货完成，剩余数量为0
            SET remaining_quantity = 0;
        ELSE
            -- 如果当前批次数量不够，则插入当前批次的地址和数量
            INSERT INTO TempProductLocation (location, fetched_quantity)
            VALUES (cur_address, cur_num);

            -- 更新剩余需要提取的数量
            SET remaining_quantity = remaining_quantity - cur_num;
        END IF;
    END LOOP;

    -- 关闭游标
    CLOSE cur;

    -- 查询结果，返回可以提取的地址和数量
    IF (SELECT COUNT(*) FROM TempProductLocation) > 0 THEN
        SELECT location, fetched_quantity 
        FROM TempProductLocation;
    ELSE
        SELECT '没有可用库存' AS warning_message;
    END IF;

    -- 如果有未取到的数量，返回提示信息
    IF not_fetched > 0 THEN
        SELECT CONCAT('还有 ', not_fetched, ' 件商品未取到，库存不足') AS warning_message;
    END IF;

    -- 删除临时表
    DROP TEMPORARY TABLE TempProductLocation;

END
;;
delimiter ;

-- ----------------------------
-- Procedure structure for handle_in_order
-- ----------------------------
DROP PROCEDURE IF EXISTS `handle_in_order`;
delimiter ;;
CREATE DEFINER=`root`@`%` PROCEDURE `handle_in_order`(
    IN p_handle_yg_id INT,            -- 员工ID
    IN p_order_id INT,                -- 订单ID
    IN p_items_info JSON              -- 商品ID和存放地址的JSON数组，例如：'[{"product_id": 1, "address": "1,1", "quantity": 10}, {"product_id": 2, "address": "2,3", "quantity": 5}]'
)
BEGIN
    DECLARE order_prefix CHAR(1);
    DECLARE i INT DEFAULT 0;
    DECLARE items_count INT;
    DECLARE v_product_id INT;
    DECLARE v_address VARCHAR(100);
    DECLARE v_quantity INT;
    DECLARE v_shelf_id INT;
    DECLARE v_shelf_space INT;
    DECLARE current_status INT;

    -- 检查订单ID的开头数字
    SET order_prefix = LEFT(p_order_id, 1);

    IF order_prefix = '1' THEN
        -- 检查订单是否已被处理
        SELECT order_status
        INTO current_status
        FROM in_store
        WHERE order_id = p_order_id;

        -- 如果订单已经被处理，则返回相应的消息
        IF current_status = 1 THEN
            SELECT '入库订单已被处理，无需重复处理' AS result_message;
        ELSE
            -- 处理入库订单
            -- Step 1: 更新入库表，设置处理员工ID，修改订单状态为已处理
            UPDATE in_store
            SET handle_yg_id = p_handle_yg_id,
                order_status = 1,          -- 设置为已处理状态
                handle_time = NOW()        -- 设置处理时间为当前时间
            WHERE order_id = p_order_id;

            -- 获取 JSON 数组的长度
            SET items_count = JSON_LENGTH(p_items_info);

            -- 循环处理 JSON 数组中的每个商品
            WHILE i < items_count DO
                -- 提取每个商品的信息
                SET v_product_id = JSON_UNQUOTE(JSON_EXTRACT(p_items_info, CONCAT('$[', i, '].product_id')));
                SET v_address = JSON_UNQUOTE(JSON_EXTRACT(p_items_info, CONCAT('$[', i, '].address')));
                SET v_quantity = JSON_UNQUOTE(JSON_EXTRACT(p_items_info, CONCAT('$[', i, '].quantity')));

                -- 从地址中提取货架ID（地址格式为 '货架ID,其他信息'，使用 SUBSTRING_INDEX 提取第一个数字）
                SET v_shelf_id = SUBSTRING_INDEX(v_address, ',', 1);

                -- 获取货架的当前容量
                SELECT hj_current_size INTO v_shelf_space
                FROM hj
                WHERE hj_id = v_shelf_id;

                -- 更新货架容量，将当前容量加上商品数量（入库时增加容量）
                UPDATE hj
                SET hj_current_size = v_shelf_space + v_quantity
                WHERE hj_id = v_shelf_id;
                
                -- 只更新地址，不插入新记录
                UPDATE in_items
                SET address = v_address
                WHERE product_id = v_product_id AND order_id = p_order_id;

                -- 更新商品表中的库存数量
                UPDATE product
                SET product_num = product_num + v_quantity
                WHERE product_id = v_product_id;

                -- 处理下一个商品
                SET i = i + 1;
            END WHILE;

            -- 返回处理成功的信息
            SELECT CONCAT('入库订单 ', p_order_id, ' 已被处理') AS result_message;

            -- 插入日志信息
            INSERT INTO log_table (log_message) 
            VALUES (CONCAT('入库单 ', p_order_id, ' 已由员工 ', p_handle_yg_id, ' 处理'));

        END IF;

    ELSE
        -- 如果订单ID的开头数字不是1，返回错误信息
        SELECT '无效的订单ID前缀' AS result_message;
    END IF;

END
;;
delimiter ;

-- ----------------------------
-- Procedure structure for handle_out_order
-- ----------------------------
DROP PROCEDURE IF EXISTS `handle_out_order`;
delimiter ;;
CREATE DEFINER=`root`@`%` PROCEDURE `handle_out_order`(
    IN p_handle_yg_id INT,   -- 处理员工ID
    IN p_order_id INT        -- 订单ID
)
BEGIN
    -- 声明变量存储订单号的第一个数字和当前订单状态
    DECLARE first_digit CHAR(1);
    DECLARE current_status INT;

    -- 提取订单号的第一个数字
    SET first_digit = LEFT(p_order_id, 1);

    -- 判断订单类型
    IF first_digit = '2' THEN
        -- 检查订单是否已被处理
        SELECT order_status
        INTO current_status
        FROM out_store
        WHERE order_id = p_order_id;

        -- 如果订单已经被处理，则返回相应的消息
        IF current_status = 1 THEN
            SELECT '出库订单已被处理，无需重复处理' AS result_message;
        ELSE
            -- 处理出库单
            UPDATE out_store
            SET order_status = 1,         -- 设置为已出库状态
                handle_yg_id = p_handle_yg_id,  -- 处理员工ID
                handle_time = NOW()        -- 处理时间设置为当前时间
            WHERE order_id = p_order_id;

            -- 返回处理成功的信息
            SELECT CONCAT('出库订单 ', p_order_id, ' 已被处理') AS result_message;

            -- 插出日志信息
            INSERT INTO log_table (log_message) 
            VALUES (CONCAT('出库单 ', p_order_id, ' 已由员工 ', p_handle_yg_id, ' 处理'));
        END IF;

    ELSE
        -- 返回错误信息：订单号不符合要求
        SELECT '无效的订单号，无法处理' AS error_message;
    END IF;
    
END
;;
delimiter ;

-- ----------------------------
-- Procedure structure for ManageInItems
-- ----------------------------
DROP PROCEDURE IF EXISTS `ManageInItems`;
delimiter ;;
CREATE DEFINER=`root`@`%` PROCEDURE `ManageInItems`(
    IN p_action_type INT,       -- 操作类型: 0 = 添加, 1 = 修改, 2 = 追加, 3 = 查询
    IN p_order_id INT,         -- 订单ID
    IN p_items JSON            -- 商品明细，以JSON格式输入（仅在添加、修改、追加时需要）
)
BEGIN
    -- 添加入库明细
    IF p_action_type = 0 THEN
        -- 插入入库明细
        INSERT INTO in_items (order_id, product_id, num, out_time)
        SELECT p_order_id,
               JSON_UNQUOTE(JSON_EXTRACT(item.value, '$.product_id')) AS product_id,
               JSON_UNQUOTE(JSON_EXTRACT(item.value, '$.num')) AS num,
               JSON_UNQUOTE(JSON_EXTRACT(item.value, '$.out_time')) AS out_time
        FROM JSON_TABLE(p_items, '$[*]' COLUMNS (value JSON PATH '$')) AS item;

    -- 修改入库明细
    ELSEIF p_action_type = 1 THEN
        -- 删除并重新插入入库明细
        DELETE FROM in_items WHERE order_id = p_order_id;

        -- 插入新的入库明细
        INSERT INTO in_items (order_id, product_id, num, out_time)
        SELECT p_order_id,
               JSON_UNQUOTE(JSON_EXTRACT(item.value, '$.product_id')) AS product_id,
               JSON_UNQUOTE(JSON_EXTRACT(item.value, '$.num')) AS num,
               JSON_UNQUOTE(JSON_EXTRACT(item.value, '$.out_time')) AS out_time
        FROM JSON_TABLE(p_items, '$[*]' COLUMNS (value JSON PATH '$')) AS item;

    -- 追加入库明细
    ELSEIF p_action_type = 2 THEN
        -- 追加入库明细
        INSERT INTO in_items (order_id, product_id, num, out_time)
        SELECT p_order_id,
               JSON_UNQUOTE(JSON_EXTRACT(item.value, '$.product_id')) AS product_id,
               JSON_UNQUOTE(JSON_EXTRACT(item.value, '$.num')) AS num,
               JSON_UNQUOTE(JSON_EXTRACT(item.value, '$.out_time')) AS out_time
        FROM JSON_TABLE(p_items, '$[*]' COLUMNS (value JSON PATH '$')) AS item
        ON DUPLICATE KEY UPDATE
            num = num + VALUES(num),
            out_time = VALUES(out_time);

    -- 查询入库明细
    ELSEIF p_action_type = 3 THEN
        -- 查询入库明细
        SELECT * FROM in_items WHERE order_id = p_order_id;
    END IF;
END
;;
delimiter ;

-- ----------------------------
-- Procedure structure for ManageOrder
-- ----------------------------
DROP PROCEDURE IF EXISTS `ManageOrder`;
delimiter ;;
CREATE DEFINER=`root`@`%` PROCEDURE `ManageOrder`(
    IN p_action_type INT,          -- 操作类型: 0 = 添加, 1 = 修改, 2 = 查询
    IN p_order_type INT,           -- 订单类型: 1 = 入库, 2 = 出库
    IN p_order_id CHAR(12),        -- 订单ID（仅在修改和查询时需要）
    IN p_yg_id INT,                -- 管理员ID
    IN p_user_id VARCHAR(11),      -- 用户ID（仅在出库单时需要）
    IN p_order_description TEXT,   -- 订单描述（可选）
    IN p_order_time DATETIME       -- 订单时间（可选）
)
BEGIN
    DECLARE v_generated_order_id CHAR(12);    -- 生成的订单ID

    -- 添加订单
    IF p_action_type = 0 THEN
        SET v_generated_order_id = CONCAT(
            CASE 
                WHEN p_order_type = 1 THEN '1' 
                WHEN p_order_type = 2 THEN '2' 
            END, 
            DATE_FORMAT(NOW(), '%m%d%H%i')
        );

        IF p_order_type = 1 THEN
            -- 插入入库单
            INSERT INTO in_store (order_id, yg_id, order_description, order_time)
            VALUES (v_generated_order_id, p_yg_id, p_order_description, IFNULL(p_order_time, NOW()));

            -- 显示插入后的入库单信息
            SELECT * FROM in_store WHERE order_id = v_generated_order_id;

        ELSEIF p_order_type = 2 THEN
            -- 插入出库单
            INSERT INTO out_store (order_id, yg_id, user_id, order_description, order_time)
            VALUES (v_generated_order_id, p_yg_id, p_user_id, p_order_description, IFNULL(p_order_time, NOW()));

            -- 显示插入后的出库单信息
            SELECT * FROM out_store WHERE order_id = v_generated_order_id;
        END IF;

    -- 修改订单
    ELSEIF p_action_type = 1 THEN
        IF p_order_type = 1 THEN
            -- 更新入库单
            UPDATE in_store
            SET yg_id = p_yg_id,
                order_description = p_order_description,
                order_time = IFNULL(p_order_time, NOW())
            WHERE order_id = p_order_id;

            -- 显示更新后的入库单信息
            SELECT * FROM in_store WHERE order_id = p_order_id;

        ELSEIF p_order_type = 2 THEN
            -- 更新出库单
            UPDATE out_store
            SET yg_id = p_yg_id,
                user_id = p_user_id,
                order_description = p_order_description,
                order_time = IFNULL(p_order_time, NOW())
            WHERE order_id = p_order_id;

            -- 显示更新后的出库单信息
            SELECT * FROM out_store WHERE order_id = p_order_id;
        END IF;

    -- 查询订单
    ELSEIF p_action_type = 2 THEN
        IF p_order_type = 1 THEN
            -- 查询入库单
            SELECT * FROM in_store WHERE order_id = p_order_id;

        ELSEIF p_order_type = 2 THEN
            -- 查询出库单
            SELECT * FROM out_store WHERE order_id = p_order_id;
        END IF;
    END IF;
END
;;
delimiter ;

-- ----------------------------
-- Procedure structure for ManageOutItems
-- ----------------------------
DROP PROCEDURE IF EXISTS `ManageOutItems`;
delimiter ;;
CREATE DEFINER=`root`@`%` PROCEDURE `ManageOutItems`(
    IN p_action_type INT,       -- 操作类型: 0 = 添加, 1 = 修改, 2 = 查询, 3 = 追加
    IN p_order_id INT,          -- 订单ID
    IN p_items JSON             -- 商品明细，以JSON格式输入（仅在添加、修改和追加时需要）
)
BEGIN
    DECLARE v_product_id INT;   -- 商品ID
    DECLARE v_num INT;          -- 商品数量
    DECLARE done INT DEFAULT 0; -- 游标完成标志

    -- 声明游标以遍历JSON数组
    DECLARE item_cursor CURSOR FOR
        SELECT JSON_UNQUOTE(JSON_EXTRACT(item.value, '$.product_id')) AS product_id,
               JSON_UNQUOTE(JSON_EXTRACT(item.value, '$.num')) AS num
        FROM JSON_TABLE(p_items, '$[*]' COLUMNS (value JSON PATH '$')) AS item;

    -- 处理游标完成情况
    DECLARE CONTINUE HANDLER FOR NOT FOUND SET done = 1;

    -- 添加出库明细
    IF p_action_type = 0 THEN
        -- 插入出库明细
        INSERT INTO out_items (order_id, product_id, num)
        SELECT p_order_id,
               JSON_UNQUOTE(JSON_EXTRACT(item.value, '$.product_id')) AS product_id,
               JSON_UNQUOTE(JSON_EXTRACT(item.value, '$.num')) AS num
        FROM JSON_TABLE(p_items, '$[*]' COLUMNS (value JSON PATH '$')) AS item;

    -- 修改出库明细
    ELSEIF p_action_type = 1 THEN
        -- 删除并重新插入出库明细
        DELETE FROM out_items WHERE order_id = p_order_id;

        -- 插入新的出库明细
        INSERT INTO out_items (order_id, product_id, num)
        SELECT p_order_id,
               JSON_UNQUOTE(JSON_EXTRACT(item.value, '$.product_id')) AS product_id,
               JSON_UNQUOTE(JSON_EXTRACT(item.value, '$.num')) AS num
        FROM JSON_TABLE(p_items, '$[*]' COLUMNS (value JSON PATH '$')) AS item;

    -- 查询出库明细
    ELSEIF p_action_type = 2 THEN
        -- 查询出库明细
        SELECT * FROM out_items WHERE order_id = p_order_id;

    -- 追加出库明细
    ELSEIF p_action_type = 3 THEN
        -- 打开游标
        OPEN item_cursor;

        item_loop: LOOP
            -- 从游标中取出数据
            FETCH item_cursor INTO v_product_id, v_num;
            IF done = 1 THEN
                LEAVE item_loop;
            END IF;

            -- 检查是否存在相同的商品编号
            IF EXISTS (SELECT 1 FROM out_items WHERE order_id = p_order_id AND product_id = v_product_id) THEN
                -- 更新数量，将新数量加到现有的数量上
                UPDATE out_items
                SET num = num + v_num
                WHERE order_id = p_order_id AND product_id = v_product_id;
            ELSE
                -- 如果不存在，则插入新记录
                INSERT INTO out_items (order_id, product_id, num)
                VALUES (p_order_id, v_product_id, v_num);
            END IF;
        END LOOP;

        -- 关闭游标
        CLOSE item_cursor;
    END IF;
END
;;
delimiter ;

-- ----------------------------
-- Procedure structure for ManageProduct
-- ----------------------------
DROP PROCEDURE IF EXISTS `ManageProduct`;
delimiter ;;
CREATE DEFINER=`root`@`%` PROCEDURE `ManageProduct`(
    IN p_action_type INT,          -- 操作类型: 0 = 添加, 1 = 修改, 2 = 删除, 3 = 查询
    IN p_product_id INT,           -- 商品ID（用于修改、删除、查询）
    IN p_product_name VARCHAR(100),-- 商品名（用于添加、修改）
    IN p_product_num INT,          -- 商品数量（可选，默认0）
    IN p_product_lownum INT,       -- 商品最低数量（必填）
    IN p_product_description TEXT, -- 商品描述（可选）
    IN p_product_status INT,       -- 商品状态（可选，默认1）
    IN p_yg_id INT                 -- 管理员ID（必填）
)
BEGIN
    -- 添加商品
    IF p_action_type = 0 THEN
        INSERT INTO product (
            product_name, product_num, product_lownum, product_description, product_status, yg_id, product_updatetime
        )
        VALUES (
            p_product_name, 
            IFNULL(p_product_num, 0), 
            p_product_lownum, 
            IFNULL(p_product_description, ''), 
            IFNULL(p_product_status, 1),
            p_yg_id, 
            NOW()
        );

        -- 显示插入的记录
        SELECT * FROM product
        WHERE product_name = p_product_name 
        AND product_lownum = p_product_lownum
        AND yg_id = p_yg_id
        ORDER BY product_id DESC
        LIMIT 1;

    -- 修改商品
    ELSEIF p_action_type = 1 THEN
        UPDATE product
        SET product_name = p_product_name,
            product_num = IFNULL(p_product_num, product_num),
            product_lownum = p_product_lownum,
            product_description = IFNULL(p_product_description, product_description),
            product_status = IFNULL(p_product_status, product_status),
            yg_id = p_yg_id,
            product_updatetime = NOW()
        WHERE product_id = p_product_id;

        -- 显示更新的记录
        SELECT * FROM product
        WHERE product_id = p_product_id;

    -- 删除商品
    ELSEIF p_action_type = 2 THEN
        DELETE FROM product
        WHERE product_id = p_product_id;

    -- 查询商品
    ELSEIF p_action_type = 3 THEN
        SELECT * FROM product
        WHERE product_id = p_product_id;
    END IF;
END
;;
delimiter ;

-- ----------------------------
-- Procedure structure for ManageYg
-- ----------------------------
DROP PROCEDURE IF EXISTS `ManageYg`;
delimiter ;;
CREATE DEFINER=`root`@`%` PROCEDURE `ManageYg`(
    IN p_action_type INT,          -- 操作类型: 0 = 添加, 1 = 修改, 2 = 删除, 3 = 查询
    IN p_yg_id INT,                -- 员工ID（用于修改、删除、查询）
    IN p_yg_name VARCHAR(100),     -- 员工名（用于添加、修改）
    IN p_yg_brithday DATETIME,     -- 员工生日（用于添加、修改）
    IN p_yg_status INT,            -- 员工状态: 0 = 离职, 1 = 在职（用于添加、修改）
    IN p_yg_type INT               -- 员工职位: 0 = 管理员, 1 = 普通员工（用于添加、修改）
)
BEGIN
    -- 添加员工
    IF p_action_type = 0 THEN
        INSERT INTO yg (
            yg_name, yg_brithday, yg_status, yg_type
        )
        VALUES (
            p_yg_name, 
            p_yg_brithday, 
            p_yg_status, 
            p_yg_type
        );
    
    -- 修改员工信息
    ELSEIF p_action_type = 1 THEN
        UPDATE yg
        SET yg_name = p_yg_name,
            yg_brithday = p_yg_brithday,
            yg_status = p_yg_status,
            yg_type = p_yg_type
        WHERE yg_id = p_yg_id;

    -- 删除员工
    ELSEIF p_action_type = 2 THEN
        DELETE FROM yg
        WHERE yg_id = p_yg_id;

    -- 查询员工信息
    ELSEIF p_action_type = 3 THEN
        SELECT * FROM yg
        WHERE yg_id = p_yg_id;
    END IF;
END
;;
delimiter ;

-- ----------------------------
-- Procedure structure for manage_hj
-- ----------------------------
DROP PROCEDURE IF EXISTS `manage_hj`;
delimiter ;;
CREATE DEFINER=`root`@`%` PROCEDURE `manage_hj`(
    IN p_yg_id INT,                 -- 员工ID
    IN p_action INT,                -- 动作类型: 0-添加, 1-修改, 2-查询
    IN p_hj_id INT,                 -- 货架ID (可选, 添加时忽略)
    IN p_hj_row_num DOUBLE,         -- 货架行号 (可选，查询时可以为空)
    IN p_hj_max_size DOUBLE,        -- 货架最大容量 (可选)
    IN p_hj_current_size DOUBLE     -- 货架当前容量 (可选)
)
BEGIN
    -- 检查是否是有效的员工ID
    IF NOT EXISTS (SELECT 1 FROM yg WHERE yg_id = p_yg_id) THEN
        SIGNAL SQLSTATE '45000' SET MESSAGE_TEXT = '无效的员工ID';
    END IF;

    -- 根据操作类型执行不同的操作
    CASE p_action
        -- 添加货架信息
        WHEN 0 THEN
            INSERT INTO hj (hj_row_num, hj_max_size, hj_current_size, yg_id)
            VALUES (p_hj_row_num, p_hj_max_size, p_hj_max_size, p_yg_id);  -- 当前容量初始设为最大容量
            SELECT LAST_INSERT_ID() AS '新增货架ID';

        -- 修改货架信息
        WHEN 1 THEN
            IF p_hj_id IS NULL THEN
                SIGNAL SQLSTATE '45000' SET MESSAGE_TEXT = '货架ID不能为空';
            END IF;

            UPDATE hj
            SET hj_row_num = IFNULL(p_hj_row_num, hj_row_num),
                hj_max_size = IFNULL(p_hj_max_size, hj_max_size),
                hj_current_size = IFNULL(p_hj_current_size, hj_current_size)
            WHERE hj_id = p_hj_id AND yg_id = p_yg_id;

            SELECT * FROM hj WHERE hj_id = p_hj_id;

        -- 查询货架信息
        WHEN 2 THEN
            SELECT * 
            FROM hj
            WHERE (p_hj_id IS NULL OR hj_id = p_hj_id);

        -- 无效操作类型处理
        ELSE
            SIGNAL SQLSTATE '45000' SET MESSAGE_TEXT = '无效的操作类型，必须是0（添加）、1（修改）或2（查询）';
    END CASE;
END
;;
delimiter ;

-- ----------------------------
-- Procedure structure for monthly_order_statistics
-- ----------------------------
DROP PROCEDURE IF EXISTS `monthly_order_statistics`;
delimiter ;;
CREATE DEFINER=`root`@`%` PROCEDURE `monthly_order_statistics`()
BEGIN
    DECLARE total_in_order_count INT;
    DECLARE completed_in_order_count INT;
    DECLARE total_out_order_count INT;
    DECLARE completed_out_order_count INT;

    -- 统计入库订单总数和已完成订单数
    SELECT COUNT(*) INTO total_in_order_count
    FROM in_store
    WHERE MONTH(order_time) = MONTH(CURDATE() - INTERVAL 1 MONTH) 
    AND YEAR(order_time) = YEAR(CURDATE() - INTERVAL 1 MONTH);

    SELECT COUNT(*) INTO completed_in_order_count
    FROM in_store
    WHERE order_status = 1
    AND MONTH(order_time) = MONTH(CURDATE() - INTERVAL 1 MONTH) 
    AND YEAR(order_time) = YEAR(CURDATE() - INTERVAL 1 MONTH);

    -- 统计出库订单总数和已完成订单数
    SELECT COUNT(*) INTO total_out_order_count
    FROM out_store
    WHERE MONTH(order_time) = MONTH(CURDATE() - INTERVAL 1 MONTH) 
    AND YEAR(order_time) = YEAR(CURDATE() - INTERVAL 1 MONTH);

    SELECT COUNT(*) INTO completed_out_order_count
    FROM out_store
    WHERE order_status = 1
    AND MONTH(order_time) = MONTH(CURDATE() - INTERVAL 1 MONTH) 
    AND YEAR(order_time) = YEAR(CURDATE() - INTERVAL 1 MONTH);

    -- 插入统计数据到 transaction 表
    INSERT INTO transaction (
        in_store_total_num,
        in_store_num,
        out_store_total_num,
        out_store_num
    )
    VALUES (
        total_in_order_count, 
        completed_in_order_count,
        total_out_order_count,  
        completed_out_order_count
    );
END
;;
delimiter ;

-- ----------------------------
-- Procedure structure for ProcessOutboundOrder
-- ----------------------------
DROP PROCEDURE IF EXISTS `ProcessOutboundOrder`;
delimiter ;;
CREATE DEFINER=`root`@`%` PROCEDURE `ProcessOutboundOrder`(
    IN p_order_id INT  -- 订单ID
)
BEGIN
    -- 声明变量
    DECLARE v_product_id INT;
    DECLARE v_quantity INT;
    DECLARE v_address VARCHAR(255);
    DECLARE v_shelf_id INT;
    DECLARE done INT DEFAULT 0;
    DECLARE cur_num INT;
    DECLARE cur_out_time DATETIME;

    -- 声明游标
    DECLARE cur_order CURSOR FOR
        SELECT product_id, num
        FROM out_items
        WHERE order_id = p_order_id;

    DECLARE cur CURSOR FOR
        SELECT address, num, out_time
        FROM in_items
        WHERE product_id = v_product_id
        ORDER BY out_time ASC;  -- 按保质期升序排序

    -- 声明游标结束处理程序
    DECLARE CONTINUE HANDLER FOR NOT FOUND SET done = 1;

    -- 打开订单游标
    OPEN cur_order;

    -- 遍历订单中的商品信息
    order_loop: LOOP
        FETCH cur_order INTO v_product_id, v_quantity;

        -- 处理游标结束
        IF done THEN
            LEAVE order_loop;
        END IF;

        -- 更新商品总库存
        UPDATE product
        SET product_num = product_num - v_quantity
        WHERE product_id = v_product_id;

        -- 打开 in_items 游标
        SET done = 0;  -- 重置游标结束标志
        OPEN cur;

        -- 处理 in_items 表中的商品
        address_loop: LOOP
            FETCH cur INTO v_address, cur_num, cur_out_time;

            IF done THEN
                LEAVE address_loop;
            END IF;

            -- 如果当前地址的商品数量足够满足需求
            IF cur_num >= v_quantity THEN
                -- 更新当前批次的商品数量
                UPDATE in_items
                SET num = num - v_quantity
                WHERE product_id = v_product_id
                AND address = v_address;

                -- 提取货架ID并更新货架容量
                SET v_shelf_id = CAST(SUBSTRING_INDEX(v_address, ',', 1) AS UNSIGNED);

                UPDATE hj
                SET hj_current_size = hj_current_size + v_quantity
                WHERE hj_id = v_shelf_id;

                SET v_quantity = 0;  -- 商品数量已满足要求，退出循环
                LEAVE address_loop;
            ELSE
                -- 如果当前地址的商品数量不够
                UPDATE in_items
                SET num = 0
                WHERE product_id = v_product_id
                AND address = v_address;

                -- 减少商品数量
                SET v_quantity = v_quantity - cur_num;

                -- 提取货架ID并更新货架容量
                SET v_shelf_id = CAST(SUBSTRING_INDEX(v_address, ',', 1) AS UNSIGNED);

                UPDATE hj
                SET hj_current_size = hj_current_size + cur_num
                WHERE hj_id = v_shelf_id;
            END IF;
        END LOOP;

        CLOSE cur;
    END LOOP;

    CLOSE cur_order;

 

END
;;
delimiter ;

-- ----------------------------
-- Procedure structure for process_hj_updates
-- ----------------------------
DROP PROCEDURE IF EXISTS `process_hj_updates`;
delimiter ;;
CREATE DEFINER=`root`@`%` PROCEDURE `process_hj_updates`()
BEGIN
    -- 更新 hj 表中当前容量为空的行，将当前容量设置为最大容量
    UPDATE hj
    SET hj_current_size = hj_max_size
    WHERE hj_current_size IS NULL;
END
;;
delimiter ;

-- ----------------------------
-- Procedure structure for UpdateLoginPassword
-- ----------------------------
DROP PROCEDURE IF EXISTS `UpdateLoginPassword`;
delimiter ;;
CREATE DEFINER=`root`@`%` PROCEDURE `UpdateLoginPassword`(
    IN p_yg_id INT,                -- 员工ID
    IN p_old_password VARCHAR(255), -- 旧密码
    IN p_new_password VARCHAR(255)  -- 新密码
)
BEGIN
    DECLARE v_existing_password VARCHAR(255); -- 用于存储数据库中的当前密码
    DECLARE v_password_matched BOOLEAN DEFAULT FALSE; -- 用于检查密码是否匹配

    -- 查询员工的现有密码
    SELECT yg_passwd INTO v_existing_password
    FROM login
    WHERE yg_id = p_yg_id;

    -- 检查旧密码是否匹配
    IF v_existing_password = p_old_password THEN
        SET v_password_matched = TRUE;
    ELSE
        SET v_password_matched = FALSE;
    END IF;

    -- 如果旧密码匹配，则更新为新密码
    IF v_password_matched THEN
        UPDATE login
        SET yg_passwd = p_new_password
        WHERE yg_id = p_yg_id;

        -- 提示成功
        SELECT '修改成功' AS message;
    ELSE
        -- 如果旧密码不匹配，返回错误信息
        SELECT '密码不对' AS message;
    END IF;
END
;;
delimiter ;

-- ----------------------------
-- Procedure structure for update_transaction_counts
-- ----------------------------
DROP PROCEDURE IF EXISTS `update_transaction_counts`;
delimiter ;;
CREATE DEFINER=`root`@`%` PROCEDURE `update_transaction_counts`()
BEGIN
    -- 更新未处理的入库订单数量
    UPDATE transaction
    SET non_in_store_num = in_store_total_num - in_store_num
    WHERE in_store_total_num > in_store_num;

    -- 更新未处理的出库订单数量
    UPDATE transaction
    SET non_out_store_num = out_store_total_num - out_store_num
    WHERE out_store_total_num > out_store_num;
END
;;
delimiter ;

-- ----------------------------
-- Event structure for monthly_procedure_event
-- ----------------------------
DROP EVENT IF EXISTS `monthly_procedure_event`;
delimiter ;;
CREATE EVENT `monthly_procedure_event`
ON SCHEDULE
EVERY '1' MONTH STARTS '2024-10-01 00:00:00'
DO BEGIN
    CALL monthly_order_statistics();
END
;;
delimiter ;

-- ----------------------------
-- Event structure for update_hj_current_size
-- ----------------------------
DROP EVENT IF EXISTS `update_hj_current_size`;
delimiter ;;
CREATE EVENT `update_hj_current_size`
ON SCHEDULE
EVERY '5' SECOND STARTS '2024-09-13 20:27:20'
DO CALL process_hj_updates()
;;
delimiter ;

-- ----------------------------
-- Event structure for update_transaction_event
-- ----------------------------
DROP EVENT IF EXISTS `update_transaction_event`;
delimiter ;;
CREATE EVENT `update_transaction_event`
ON SCHEDULE
EVERY '5' SECOND STARTS '2024-09-13 21:51:44'
DO CALL update_transaction_counts()
;;
delimiter ;

-- ----------------------------
-- Triggers structure for table login
-- ----------------------------
DROP TRIGGER IF EXISTS `encrypt_password_before_update`;
delimiter ;;
CREATE TRIGGER `encrypt_password_before_update` BEFORE UPDATE ON `login` FOR EACH ROW BEGIN
    IF NEW.yg_passwd IS NOT NULL AND NEW.yg_passwd != OLD.yg_passwd THEN
        SET NEW.yg_passwd = SHA2(NEW.yg_passwd, 256);
    END IF;
END
;;
delimiter ;

-- ----------------------------
-- Triggers structure for table out_store
-- ----------------------------
DROP TRIGGER IF EXISTS `after_out_store_update`;
delimiter ;;
CREATE TRIGGER `after_out_store_update` AFTER UPDATE ON `out_store` FOR EACH ROW BEGIN
    -- 仅当订单状态从0变为1时触发
    IF NEW.order_status = 1 AND OLD.order_status = 0 THEN
        -- 调用 ProcessOutboundOrder 处理出库逻辑
        CALL ProcessOutboundOrder(NEW.order_id);
    END IF;
END
;;
delimiter ;

SET FOREIGN_KEY_CHECKS = 1;
